,Business_type,Demographics,Accessibility,Competition,Area(sq feet),Rent_per_month,Gross_tax(%),labour_cost(USD),location
0,1,4,2,3,1500,20000,13.4,15000,New Orleans
1,5,3,4,2,1500,95000,9.3,15000,Idaho
2,5,4,3,1,1500,10000,13.4,15000,New Orleans
3,4,4,4,2,1000,20000,11.0,9000,Philadelphia
4,1,1,3,3,250,75000,10.2,12500,New Orleans
5,2,3,3,2,500,10000,9.3,6500,Philadelphia
6,2,2,4,2,1000,17000,10.2,9000,WashingtionDC
7,3,1,3,2,750,10000,13.4,9000,Boston
8,3,1,4,2,500,20000,13.4,6500,Boston
9,1,2,1,1,250,5000,4.5,15000,Dallas
10,4,3,4,3,250,75000,3.4,12500,LasVegas
11,3,4,3,2,1500,20000,4.5,12500,Boston
12,2,3,4,3,500,20000,9.3,6500,LosAngeles
13,1,1,2,1,250,17000,3.4,16000,Seattle
14,5,1,1,1,1000,17000,7.2,16000,New Orleans
15,3,4,2,3,750,17000,2.2,15000,Miami
16,3,3,3,3,1000,95000,3.4,15000,Idaho
17,4,2,2,2,1500,20000,10.2,11000,New Orleans
18,2,1,1,2,1000,5000,4.5,6500,Chicago
19,4,4,4,2,1500,75000,3.4,3500,Idaho
20,1,4,1,1,500,5000,4.5,25000,Seattle
21,5,1,4,1,1500,20000,2.2,9000,Boston
22,1,4,2,3,500,17000,10.2,3500,Idaho
23,1,4,4,3,1000,10000,7.2,16000,LosAngeles
24,5,1,4,3,1000,75000,3.4,9000,Boston
25,5,4,1,3,750,5000,2.2,12500,Chicago
26,2,2,2,2,1500,17000,11.0,7500,Detroit
27,4,3,2,1,500,10000,2.2,15000,Chicago
28,2,3,4,1,750,10000,9.3,9000,Dallas
29,1,2,3,1,250,75000,7.2,9000,LosAngeles
30,4,1,1,3,250,10000,4.5,12500,New Orleans
31,1,1,2,2,500,75000,13.4,7500,Seattle
32,4,4,1,2,1500,95000,3.4,3500,Idaho
33,4,1,4,2,1500,20000,7.2,9000,San Jose
34,1,2,1,3,1500,95000,4.5,25000,Detroit
35,5,3,4,2,1000,13000,4.5,5000,New York
36,1,1,1,1,1500,5000,2.2,16000,Boston
37,3,3,1,1,250,10000,7.2,16000,Phoenix
38,4,3,2,2,1000,13000,3.4,7500,Idaho
39,5,2,2,1,1000,13000,6.8,3500,WashingtionDC
40,1,1,3,1,1000,17000,7.2,9000,Detroit
41,4,3,3,1,1000,75000,10.2,7500,San Diego
42,2,4,4,1,750,20000,7.2,12500,Dallas
43,2,4,4,3,1500,13000,2.2,15000,Detroit
44,4,1,1,3,1500,20000,5.6,9000,Idaho
45,5,3,4,3,250,13000,3.4,11000,WashingtionDC
46,3,1,3,3,1000,13000,10.2,15000,San Jose
47,2,3,4,3,1500,13000,9.3,25000,New York
48,4,2,4,1,1500,10000,4.5,6500,San Jose
49,2,1,4,3,1000,5000,5.6,9000,Chicago
50,2,1,3,1,500,13000,11.0,16000,WashingtionDC
51,3,3,4,1,1500,10000,6.8,16000,Boston
52,1,1,2,2,250,13000,5.6,25000,Philadelphia
53,3,3,3,1,500,13000,5.6,11000,Seattle
54,4,2,2,2,250,75000,6.8,6500,Philadelphia
55,5,4,4,1,1000,95000,7.2,15000,Detroit
56,1,2,2,2,500,17000,4.5,6500,WashingtionDC
57,3,1,2,2,250,20000,9.3,7500,Chicago
58,5,4,1,1,1000,17000,10.2,15000,LosAngeles
59,5,4,2,3,500,95000,2.2,15000,Miami
60,4,2,3,3,750,75000,6.8,7500,New York
61,3,4,3,1,500,20000,11.0,7500,San Jose
62,2,2,3,1,500,95000,9.3,7500,LasVegas
63,5,2,3,2,250,75000,4.5,15000,Dallas
64,2,1,3,1,500,5000,7.2,11000,New Orleans
65,4,2,2,3,750,95000,7.2,12500,Chicago
66,3,4,2,1,750,13000,10.2,6500,New Orleans
67,5,1,2,2,750,10000,9.3,16000,Dallas
68,2,3,4,3,1500,95000,2.2,11000,Miami
69,1,4,3,1,750,10000,11.0,16000,New Orleans
70,5,1,3,3,250,5000,5.6,25000,Philadelphia
71,3,1,2,3,500,75000,7.2,11000,San Diego
72,5,1,4,2,1500,5000,13.4,5000,Seattle
73,3,1,3,2,500,13000,7.2,15000,San Diego
74,5,4,2,1,500,75000,2.2,15000,San Jose
75,2,2,1,2,500,75000,11.0,5000,Dallas
76,2,2,2,2,1500,17000,7.2,9000,LosAngeles
77,3,4,1,2,750,5000,13.4,15000,Seattle
78,5,4,2,1,1000,13000,6.8,3500,Philadelphia
79,1,2,2,2,1000,5000,6.8,15000,San Jose
80,5,3,3,2,1500,95000,10.2,15000,New Orleans
81,2,4,4,3,500,5000,13.4,11000,San Diego
82,4,2,4,1,750,13000,2.2,25000,San Diego
83,5,2,1,1,500,10000,7.2,11000,New York
84,3,3,3,1,1000,95000,11.0,11000,New Orleans
85,1,2,2,2,750,17000,10.2,12500,LasVegas
86,3,1,2,2,500,13000,6.8,9000,Chicago
87,3,4,3,3,500,75000,11.0,11000,Boston
88,3,3,2,3,1500,95000,5.6,16000,Seattle
89,5,1,2,2,1500,5000,6.8,6500,New Orleans
90,1,1,1,3,750,5000,3.4,3500,LasVegas
91,5,3,2,1,500,13000,4.5,25000,Miami
92,5,3,2,3,250,13000,7.2,25000,San Diego
93,4,1,4,2,500,5000,5.6,25000,San Diego
94,5,3,1,3,1500,17000,4.5,16000,New Orleans
95,3,3,3,1,750,17000,3.4,16000,San Jose
96,5,4,1,3,500,10000,13.4,3500,WashingtionDC
97,4,3,1,2,1500,20000,2.2,12500,Chicago
98,2,1,3,2,500,10000,6.8,16000,LasVegas
99,4,4,4,1,1500,95000,5.6,5000,LasVegas
100,5,2,2,1,500,10000,3.4,5000,WashingtionDC
101,1,3,2,2,1000,5000,9.3,12500,Miami
102,3,4,3,1,1000,20000,7.2,25000,Seattle
103,4,2,1,2,1500,20000,10.2,7500,Seattle
104,1,4,4,1,750,13000,11.0,5000,New York
105,2,3,2,3,750,13000,2.2,12500,Miami
106,2,1,4,3,1500,5000,13.4,16000,Chicago
107,3,1,3,2,1500,20000,6.8,15000,New York
108,5,4,2,2,750,17000,4.5,12500,Boston
109,5,4,2,2,750,75000,10.2,9000,New York
110,1,1,4,1,250,17000,6.8,15000,Idaho
111,2,1,2,2,1500,17000,10.2,3500,San Diego
112,3,4,3,1,500,10000,6.8,15000,LosAngeles
113,5,4,4,1,500,10000,7.2,25000,New Orleans
114,5,1,1,1,250,17000,11.0,15000,Boston
115,1,3,2,2,500,75000,9.3,16000,Boston
116,3,1,1,2,500,13000,7.2,6500,New York
117,4,1,4,3,750,10000,10.2,7500,Phoenix
118,5,3,3,2,750,20000,5.6,7500,New York
119,5,1,3,1,1500,20000,11.0,3500,WashingtionDC
120,3,1,1,3,250,10000,3.4,7500,Detroit
121,3,2,2,3,1000,20000,2.2,3500,Detroit
122,3,1,3,3,250,75000,5.6,16000,Chicago
123,1,3,1,2,250,95000,4.5,25000,New Orleans
124,2,4,2,1,1500,95000,6.8,5000,Detroit
125,3,1,3,1,500,10000,9.3,3500,LosAngeles
126,5,2,4,2,1500,95000,3.4,5000,Dallas
127,1,3,2,2,250,75000,2.2,9000,San Jose
128,4,4,1,1,1500,75000,13.4,5000,LosAngeles
129,5,2,2,2,1500,10000,9.3,5000,Chicago
130,2,2,3,2,1000,20000,2.2,3500,Dallas
131,3,1,4,3,1000,10000,5.6,16000,New York
132,4,2,4,2,250,17000,2.2,5000,Idaho
133,3,2,2,2,500,20000,3.4,9000,Miami
134,2,1,3,1,500,20000,11.0,3500,Miami
135,5,2,2,3,250,5000,10.2,16000,Phoenix
136,5,2,2,1,1500,13000,7.2,25000,WashingtionDC
137,4,4,3,3,1500,10000,3.4,25000,Chicago
138,2,3,3,2,500,10000,13.4,11000,LosAngeles
139,3,4,4,1,500,20000,5.6,25000,LasVegas
140,5,1,1,2,1000,10000,13.4,9000,Chicago
141,3,1,4,1,1000,10000,7.2,6500,Detroit
142,4,1,3,1,1000,75000,9.3,11000,LasVegas
143,3,2,3,2,250,13000,9.3,11000,LosAngeles
144,5,3,3,1,1000,10000,2.2,6500,Dallas
145,5,3,3,2,1500,13000,6.8,25000,Philadelphia
146,4,1,4,2,750,17000,5.6,3500,Dallas
147,3,3,4,3,1000,10000,7.2,9000,New Orleans
148,1,2,1,2,750,17000,3.4,11000,Detroit
149,5,4,1,1,750,20000,3.4,11000,LasVegas
150,3,4,3,3,1500,20000,10.2,9000,WashingtionDC
151,4,3,2,2,250,17000,10.2,16000,WashingtionDC
152,5,4,1,1,750,75000,4.5,12500,Miami
153,1,3,3,2,250,13000,11.0,25000,San Diego
154,2,4,4,1,250,75000,13.4,11000,Detroit
155,3,4,3,3,500,10000,5.6,12500,Seattle
156,4,3,4,2,1500,20000,2.2,3500,Chicago
157,5,1,3,2,1000,75000,10.2,9000,New Orleans
158,3,1,4,2,250,17000,7.2,15000,Phoenix
159,2,3,2,1,1000,75000,10.2,3500,New York
160,1,3,1,2,500,95000,10.2,12500,Detroit
161,2,1,4,2,750,5000,10.2,16000,Philadelphia
162,5,1,1,1,250,10000,6.8,6500,New Orleans
163,2,1,3,1,250,13000,6.8,6500,Dallas
164,5,2,1,1,1000,17000,10.2,6500,Dallas
165,3,3,2,1,1500,5000,3.4,9000,Chicago
166,2,3,4,3,1500,5000,7.2,5000,Seattle
167,1,4,1,3,1500,5000,3.4,6500,New Orleans
168,2,1,4,3,1000,13000,10.2,7500,Idaho
169,1,1,4,2,1000,75000,13.4,7500,LosAngeles
170,4,1,4,3,1000,75000,3.4,15000,New York
171,1,4,2,2,500,13000,2.2,11000,San Diego
172,3,4,1,3,250,75000,13.4,11000,New York
173,3,4,3,1,750,20000,9.3,6500,Miami
174,3,3,4,2,1000,5000,11.0,25000,Dallas
175,1,4,2,2,250,10000,4.5,6500,Detroit
176,2,3,2,3,500,17000,3.4,16000,LasVegas
177,3,1,1,1,750,20000,6.8,9000,Dallas
178,3,2,1,1,500,95000,2.2,3500,Phoenix
179,1,3,4,1,500,75000,3.4,7500,Chicago
180,1,3,4,3,500,95000,13.4,12500,LosAngeles
181,5,1,3,2,250,10000,9.3,15000,Detroit
182,3,1,2,2,750,5000,2.2,3500,Dallas
183,4,4,2,1,500,13000,6.8,7500,WashingtionDC
184,5,1,4,2,750,95000,3.4,25000,Phoenix
185,4,3,3,1,1000,20000,4.5,6500,Miami
186,5,4,3,1,1500,17000,6.8,15000,WashingtionDC
187,5,4,3,3,250,17000,6.8,15000,Boston
188,3,1,1,3,500,5000,10.2,16000,Dallas
189,5,1,3,3,1500,20000,3.4,3500,New Orleans
190,1,3,4,1,750,10000,7.2,3500,San Diego
191,5,4,1,1,500,10000,10.2,3500,Boston
192,1,3,1,3,1500,10000,2.2,16000,Idaho
193,5,2,2,3,1500,10000,5.6,5000,Detroit
194,3,4,1,1,750,75000,9.3,6500,Miami
195,5,1,3,3,1500,17000,6.8,3500,San Jose
196,1,3,1,1,1000,13000,9.3,16000,New York
197,3,1,3,3,1000,20000,5.6,6500,WashingtionDC
198,5,3,1,1,1500,10000,3.4,3500,Chicago
199,4,1,1,1,250,17000,3.4,16000,WashingtionDC
200,5,1,2,3,250,95000,7.2,16000,Seattle
201,4,2,3,1,500,20000,5.6,3500,WashingtionDC
202,4,1,1,3,750,10000,3.4,25000,LosAngeles
203,2,2,2,3,1500,5000,6.8,11000,San Diego
204,2,3,1,1,750,20000,10.2,25000,WashingtionDC
205,3,2,2,2,1500,20000,6.8,12500,LasVegas
206,3,3,3,2,1000,20000,3.4,25000,Philadelphia
207,5,4,1,3,750,20000,13.4,15000,New Orleans
208,2,2,4,3,750,95000,3.4,5000,New York
209,3,3,4,2,1000,95000,4.5,16000,Chicago
210,4,3,1,2,500,5000,7.2,9000,Boston
211,4,3,1,2,1000,10000,2.2,9000,Dallas
212,4,3,1,2,1000,10000,2.2,11000,Boston
213,3,2,3,3,1500,17000,6.8,15000,Chicago
214,4,4,1,3,750,17000,13.4,12500,Seattle
215,2,4,2,2,250,17000,7.2,3500,New York
216,3,2,2,3,250,5000,13.4,6500,Idaho
217,3,4,2,2,1500,20000,2.2,6500,LasVegas
218,4,2,1,2,250,17000,5.6,25000,Boston
219,4,3,2,1,1500,10000,11.0,11000,New York
220,4,2,2,1,1000,5000,5.6,7500,Dallas
221,3,2,4,3,1500,20000,13.4,25000,Phoenix
222,3,3,2,2,750,75000,6.8,6500,Phoenix
223,4,2,4,3,500,20000,7.2,15000,Boston
224,4,4,3,2,1500,5000,4.5,7500,New York
225,1,1,1,2,250,17000,9.3,25000,Philadelphia
226,3,2,3,1,500,13000,2.2,16000,Idaho
227,5,3,1,2,1500,13000,3.4,11000,Seattle
228,2,4,3,2,500,10000,3.4,15000,Dallas
229,4,3,4,3,1000,75000,3.4,25000,San Diego
230,3,2,2,3,1000,13000,11.0,15000,Philadelphia
231,3,2,2,1,1500,20000,3.4,15000,New Orleans
232,4,1,2,3,500,75000,4.5,25000,Boston
233,3,2,1,2,1000,95000,11.0,11000,Seattle
234,4,4,2,3,250,10000,5.6,16000,New York
235,5,2,2,1,250,5000,10.2,16000,Seattle
236,2,3,3,2,250,17000,7.2,16000,LosAngeles
237,1,4,1,2,500,17000,3.4,16000,Philadelphia
238,1,4,1,3,750,75000,6.8,5000,New York
239,4,1,3,2,500,13000,10.2,11000,Dallas
240,5,1,4,3,1000,5000,11.0,11000,San Jose
241,4,3,1,2,1000,75000,7.2,25000,San Diego
242,4,3,4,3,750,75000,6.8,5000,LosAngeles
243,4,2,3,1,750,10000,9.3,7500,Chicago
244,5,3,1,2,500,10000,10.2,9000,Philadelphia
245,2,3,2,3,250,17000,4.5,11000,LosAngeles
246,3,2,1,1,1000,95000,10.2,15000,Chicago
247,5,4,3,3,250,75000,6.8,7500,New York
248,3,1,1,1,1000,10000,4.5,6500,San Jose
249,5,4,2,3,250,10000,6.8,16000,Boston
250,3,1,1,3,500,75000,11.0,15000,San Jose
251,1,1,2,2,750,75000,6.8,7500,New Orleans
252,1,3,1,1,250,17000,11.0,15000,LasVegas
253,1,1,4,3,500,10000,13.4,6500,LasVegas
254,5,3,4,1,1500,10000,3.4,7500,Phoenix
255,2,1,2,1,750,5000,3.4,9000,San Jose
256,4,1,1,1,1500,13000,11.0,25000,San Diego
257,1,2,1,1,1500,17000,5.6,16000,San Jose
258,1,1,4,3,1500,20000,13.4,12500,Idaho
259,3,1,3,2,1500,10000,5.6,9000,Miami
260,1,2,1,3,1000,20000,2.2,9000,San Jose
261,3,1,2,2,500,5000,9.3,16000,Idaho
262,2,1,3,1,1000,20000,3.4,16000,WashingtionDC
263,3,3,2,2,1500,95000,3.4,7500,LasVegas
264,2,3,1,2,500,13000,2.2,25000,Boston
265,3,1,4,2,1000,20000,4.5,16000,Boston
266,1,4,2,1,1000,13000,13.4,7500,Seattle
267,3,1,3,2,250,10000,3.4,16000,Philadelphia
268,4,3,1,1,750,75000,3.4,5000,Boston
269,4,4,2,2,250,13000,2.2,6500,LosAngeles
270,1,4,4,2,1500,95000,5.6,9000,Seattle
271,2,3,4,3,1000,10000,13.4,25000,Philadelphia
272,1,1,3,3,1500,13000,13.4,5000,Idaho
273,3,1,3,2,750,13000,2.2,3500,San Diego
274,5,4,4,3,1000,75000,10.2,5000,Miami
275,1,1,2,1,1500,10000,2.2,6500,Chicago
276,2,3,2,1,1500,75000,2.2,6500,Phoenix
277,1,3,4,2,250,17000,6.8,12500,WashingtionDC
278,3,2,4,2,1500,20000,6.8,5000,Philadelphia
279,4,3,1,1,750,13000,5.6,3500,Idaho
280,1,4,3,2,750,75000,13.4,5000,LosAngeles
281,3,1,2,3,500,95000,5.6,15000,Miami
282,2,3,4,1,1000,13000,13.4,5000,LosAngeles
283,5,4,1,3,750,10000,2.2,9000,San Jose
284,3,4,1,2,1500,20000,5.6,6500,San Diego
285,4,4,4,2,750,10000,3.4,5000,Phoenix
286,2,2,1,3,250,5000,6.8,11000,Dallas
287,1,3,2,1,1500,17000,11.0,15000,Dallas
288,4,4,3,1,1000,75000,9.3,11000,San Diego
289,5,1,1,3,1500,95000,13.4,7500,Dallas
290,4,2,1,2,750,5000,10.2,11000,San Jose
291,1,3,4,3,250,95000,4.5,7500,Seattle
292,4,1,2,3,1000,75000,13.4,7500,WashingtionDC
293,1,4,2,3,750,10000,13.4,15000,Miami
294,3,4,3,1,750,5000,13.4,3500,Chicago
295,3,2,3,3,500,75000,7.2,12500,Dallas
296,5,1,3,2,750,20000,3.4,16000,Idaho
297,3,1,4,2,250,5000,9.3,16000,Detroit
298,4,4,1,2,500,13000,10.2,7500,Philadelphia
299,4,4,2,1,500,75000,10.2,7500,Seattle
300,4,4,3,3,500,75000,10.2,3500,Seattle
301,1,1,1,2,250,10000,2.2,6500,San Jose
302,4,2,2,1,500,75000,2.2,7500,Miami
303,1,3,2,2,250,17000,9.3,7500,LasVegas
304,5,2,4,3,1000,10000,2.2,9000,New York
305,2,2,2,3,750,13000,9.3,25000,New Orleans
306,5,3,3,1,1000,17000,11.0,3500,Philadelphia
307,2,1,4,3,750,20000,6.8,5000,Dallas
308,5,3,1,3,1500,20000,6.8,16000,Dallas
309,1,1,4,1,750,75000,13.4,15000,Dallas
310,3,2,1,2,1500,10000,6.8,11000,LosAngeles
311,1,4,4,1,500,10000,6.8,25000,WashingtionDC
312,4,2,3,2,750,5000,9.3,15000,Chicago
313,3,3,4,1,1500,75000,6.8,6500,New York
314,5,4,3,3,750,75000,2.2,15000,WashingtionDC
315,5,4,1,1,500,75000,2.2,12500,New Orleans
316,5,3,1,2,250,10000,2.2,15000,San Jose
317,4,3,3,1,1000,95000,13.4,3500,WashingtionDC
318,4,4,4,3,750,95000,4.5,3500,WashingtionDC
319,4,3,1,2,1500,17000,3.4,12500,Chicago
320,2,3,1,2,250,13000,5.6,5000,LosAngeles
321,5,3,3,2,1000,95000,4.5,16000,Philadelphia
322,1,1,2,3,1500,13000,4.5,15000,San Jose
323,1,3,4,1,1000,75000,9.3,6500,San Diego
324,2,4,1,2,500,17000,3.4,25000,San Diego
325,3,3,2,1,1500,17000,13.4,11000,Dallas
326,4,3,4,1,250,95000,11.0,16000,San Diego
327,2,4,1,1,1000,95000,3.4,5000,WashingtionDC
328,4,4,3,1,500,13000,2.2,15000,Idaho
329,4,1,4,3,250,95000,10.2,5000,Dallas
330,2,3,2,2,1500,75000,2.2,12500,LosAngeles
331,1,3,4,3,1500,75000,7.2,3500,San Jose
332,3,1,4,1,500,5000,9.3,11000,San Jose
333,2,3,4,1,250,10000,6.8,5000,Miami
334,2,2,4,2,1500,75000,10.2,15000,Detroit
335,1,2,3,1,1000,95000,13.4,6500,LasVegas
336,5,3,1,2,1000,17000,2.2,25000,New York
337,3,1,4,3,750,10000,6.8,15000,San Jose
338,1,3,1,3,750,10000,7.2,3500,New Orleans
339,1,4,2,1,750,13000,4.5,11000,San Jose
340,1,1,4,1,1500,75000,5.6,11000,Detroit
341,2,4,4,3,250,17000,10.2,25000,Dallas
342,4,1,3,3,750,95000,2.2,12500,New Orleans
343,1,3,1,1,1500,20000,3.4,5000,Idaho
344,5,2,1,1,1000,20000,13.4,3500,LosAngeles
345,5,1,2,3,1500,95000,6.8,25000,San Diego
346,5,1,2,2,500,13000,13.4,25000,San Jose
347,2,1,4,2,1000,17000,13.4,12500,Detroit
348,2,4,2,3,500,75000,10.2,16000,WashingtionDC
349,3,2,1,3,1500,95000,3.4,15000,Detroit
350,1,1,3,2,750,13000,13.4,16000,LosAngeles
351,3,2,1,3,250,10000,7.2,5000,WashingtionDC
352,2,2,3,3,500,5000,2.2,16000,New Orleans
353,3,4,3,2,750,95000,7.2,12500,Philadelphia
354,5,1,4,1,250,20000,4.5,15000,Boston
355,1,3,2,1,500,75000,10.2,12500,Detroit
356,1,1,4,2,1000,20000,9.3,15000,Philadelphia
357,3,2,2,2,750,13000,11.0,5000,San Diego
358,4,1,4,3,1000,17000,10.2,16000,Idaho
359,5,2,4,1,250,5000,5.6,7500,Chicago
360,1,2,3,3,250,5000,9.3,7500,LasVegas
361,3,2,4,1,750,20000,7.2,15000,LasVegas
362,4,3,1,3,500,95000,9.3,9000,LosAngeles
363,1,1,3,2,1000,10000,9.3,3500,Detroit
364,4,1,1,3,750,20000,7.2,5000,Detroit
365,1,1,3,2,750,13000,10.2,3500,Detroit
366,4,2,2,3,1000,10000,3.4,11000,Chicago
367,1,1,3,1,250,95000,7.2,9000,Phoenix
368,4,1,4,2,750,17000,6.8,5000,New York
369,3,3,1,1,500,17000,11.0,12500,LosAngeles
370,4,4,3,1,500,17000,10.2,12500,LosAngeles
371,5,2,4,3,1500,10000,7.2,3500,New Orleans
372,2,3,2,2,500,17000,13.4,6500,New Orleans
373,5,3,2,3,1000,17000,9.3,6500,Seattle
374,4,1,2,1,500,17000,11.0,7500,Seattle
375,1,3,1,3,1000,75000,5.6,7500,New York
376,2,4,1,1,500,17000,6.8,25000,Boston
377,4,3,2,3,1000,10000,9.3,11000,Chicago
378,4,3,2,3,750,20000,11.0,16000,San Jose
379,4,2,4,3,1500,5000,11.0,25000,Idaho
380,1,4,3,2,1500,13000,11.0,7500,LasVegas
381,2,4,4,1,500,13000,10.2,6500,Chicago
382,1,2,1,3,500,5000,10.2,5000,Boston
383,2,3,3,1,500,10000,13.4,9000,New York
384,5,4,2,2,1000,75000,4.5,6500,LosAngeles
385,1,1,4,2,250,17000,13.4,12500,San Jose
386,5,4,1,2,500,13000,13.4,12500,Miami
387,5,1,4,1,1000,5000,6.8,12500,New York
388,5,4,2,3,1000,13000,6.8,9000,Detroit
389,5,1,2,3,750,20000,10.2,9000,Philadelphia
390,2,1,4,2,500,13000,3.4,3500,LasVegas
391,2,2,3,1,500,75000,3.4,12500,Idaho
392,4,3,3,1,250,95000,9.3,7500,Phoenix
393,4,2,2,2,500,17000,10.2,25000,New Orleans
394,1,4,3,3,250,75000,9.3,9000,Detroit
395,2,4,4,3,500,95000,7.2,6500,San Jose
396,3,4,2,2,1500,10000,10.2,3500,San Diego
397,2,4,3,3,500,10000,5.6,12500,Seattle
398,5,3,4,1,500,10000,11.0,9000,LasVegas
399,5,1,2,1,500,20000,5.6,9000,WashingtionDC
400,2,3,3,2,750,13000,10.2,15000,Boston
401,1,1,4,1,1500,13000,5.6,25000,Chicago
402,2,3,2,2,750,13000,11.0,3500,Detroit
403,5,3,1,3,1000,75000,4.5,15000,Dallas
404,4,1,4,2,500,13000,11.0,7500,Detroit
405,2,4,4,3,1500,75000,3.4,5000,New Orleans
406,5,4,4,3,750,95000,4.5,15000,Phoenix
407,3,4,1,2,750,17000,6.8,9000,Idaho
408,5,3,4,3,500,10000,11.0,9000,Miami
409,5,4,1,3,1000,5000,9.3,16000,Detroit
410,5,4,2,2,500,75000,13.4,3500,Miami
411,5,3,1,1,750,13000,13.4,12500,WashingtionDC
412,1,1,2,2,1000,95000,6.8,25000,Boston
413,5,2,4,1,1500,10000,2.2,12500,New Orleans
414,3,4,2,2,1500,10000,5.6,12500,San Jose
415,4,2,4,1,1500,20000,7.2,11000,Dallas
416,1,2,3,1,250,13000,6.8,11000,Miami
417,1,4,2,3,750,20000,6.8,11000,Detroit
418,5,3,3,1,500,17000,4.5,6500,Boston
419,1,2,2,3,250,17000,2.2,25000,Chicago
420,3,3,3,1,750,5000,5.6,25000,Detroit
421,2,2,1,1,500,13000,9.3,3500,WashingtionDC
422,4,4,1,3,1000,75000,5.6,12500,Dallas
423,1,1,1,3,500,10000,11.0,25000,Philadelphia
424,5,3,4,3,500,5000,5.6,6500,Idaho
425,1,1,2,2,1500,95000,13.4,25000,Boston
426,4,3,4,2,1000,95000,11.0,15000,Seattle
427,3,3,4,2,250,75000,5.6,15000,LosAngeles
428,2,4,1,3,1000,5000,2.2,5000,Seattle
429,1,4,3,1,500,10000,10.2,7500,San Jose
430,2,2,2,3,250,5000,5.6,3500,New York
431,1,3,3,2,1500,20000,2.2,9000,LosAngeles
432,3,1,3,3,750,75000,9.3,25000,Dallas
433,1,1,4,3,250,20000,3.4,25000,Philadelphia
434,2,2,4,3,250,95000,10.2,16000,Idaho
435,4,1,3,3,1500,5000,5.6,9000,Chicago
436,3,1,2,1,750,95000,11.0,5000,Idaho
437,3,2,2,3,1500,95000,3.4,15000,LasVegas
438,3,1,3,1,250,20000,5.6,7500,Philadelphia
439,2,4,4,1,1500,17000,10.2,16000,New Orleans
440,2,2,1,1,250,13000,2.2,15000,Phoenix
441,2,2,1,3,250,13000,5.6,6500,Miami
442,3,4,3,3,250,20000,10.2,16000,San Jose
443,5,3,3,1,250,17000,13.4,15000,LasVegas
444,4,3,4,3,750,10000,2.2,16000,LasVegas
445,5,1,4,2,1000,20000,9.3,6500,Philadelphia
446,5,1,4,2,1500,17000,11.0,5000,WashingtionDC
447,1,4,4,2,500,13000,7.2,11000,Seattle
448,2,1,1,2,1500,13000,4.5,12500,Dallas
449,3,3,3,3,1000,95000,13.4,9000,New Orleans
450,3,2,2,1,1500,95000,2.2,5000,Idaho
451,1,1,1,1,750,75000,10.2,5000,New York
452,1,1,2,1,500,20000,5.6,16000,New York
453,1,4,3,2,250,17000,11.0,5000,Idaho
454,5,4,3,3,1500,75000,3.4,5000,San Diego
455,3,4,3,3,500,5000,4.5,9000,Boston
456,5,4,2,2,750,13000,5.6,5000,New York
457,5,4,3,1,1000,10000,6.8,9000,San Diego
458,2,2,4,2,250,95000,10.2,9000,Phoenix
459,3,2,2,3,750,10000,13.4,6500,Phoenix
460,5,1,4,1,750,95000,5.6,5000,Philadelphia
461,4,1,1,1,750,13000,3.4,16000,Dallas
462,5,4,2,2,1500,13000,4.5,5000,Boston
463,4,3,3,1,250,10000,4.5,15000,WashingtionDC
464,1,1,4,1,750,10000,9.3,6500,Idaho
465,4,4,1,2,1000,95000,6.8,15000,San Diego
466,3,1,1,2,750,75000,7.2,16000,San Diego
467,5,2,2,2,1000,17000,10.2,15000,Philadelphia
468,3,1,1,3,500,17000,10.2,3500,Detroit
469,3,1,2,1,750,75000,9.3,5000,Miami
470,3,3,3,3,750,20000,13.4,16000,LosAngeles
471,1,4,3,2,1500,13000,7.2,11000,New Orleans
472,2,4,1,3,750,95000,6.8,3500,Chicago
473,3,4,1,2,500,10000,7.2,5000,Detroit
474,3,1,2,1,250,17000,2.2,12500,Miami
475,5,4,2,3,1000,20000,11.0,9000,Miami
476,4,3,4,1,1000,10000,6.8,6500,Phoenix
477,4,2,1,2,250,17000,13.4,5000,Detroit
478,4,1,4,1,1000,10000,10.2,3500,New York
479,5,3,4,3,250,95000,2.2,9000,Chicago
480,2,3,3,3,750,20000,11.0,7500,Miami
481,5,1,4,3,750,20000,3.4,11000,LosAngeles
482,1,4,3,3,750,10000,7.2,11000,Seattle
483,2,1,3,1,750,5000,13.4,9000,WashingtionDC
484,2,2,2,1,500,5000,4.5,12500,Miami
485,2,4,1,3,500,17000,7.2,12500,LasVegas
486,5,2,3,2,750,13000,2.2,15000,Idaho
487,3,3,4,3,1000,17000,4.5,3500,WashingtionDC
488,3,2,3,1,1500,75000,11.0,7500,Philadelphia
489,2,1,2,1,250,13000,7.2,12500,LasVegas
490,1,1,4,2,250,17000,10.2,3500,San Jose
491,2,4,2,3,1000,13000,3.4,9000,Chicago
492,2,4,1,1,1500,10000,4.5,11000,Dallas
493,2,1,2,2,250,5000,2.2,11000,Philadelphia
494,4,3,3,3,1000,17000,2.2,7500,Miami
495,3,1,1,1,1000,75000,9.3,3500,Seattle
496,3,2,1,3,500,75000,13.4,11000,WashingtionDC
497,2,4,1,3,250,95000,5.6,6500,New York
498,5,1,4,1,750,13000,9.3,6500,New Orleans
499,4,3,2,1,750,10000,3.4,9000,Idaho
500,2,4,1,1,1500,75000,11.0,7500,Chicago
501,2,1,3,3,1000,10000,5.6,6500,Seattle
502,4,4,4,2,1500,10000,11.0,16000,Detroit
503,4,2,1,1,250,20000,7.2,7500,LasVegas
504,1,4,1,1,1000,95000,11.0,6500,Idaho
505,3,3,2,1,250,17000,10.2,15000,New Orleans
506,1,4,3,3,1000,75000,5.6,9000,LasVegas
507,3,1,1,1,750,10000,7.2,25000,Miami
508,5,4,4,2,250,5000,4.5,16000,LosAngeles
509,5,1,4,1,250,13000,6.8,9000,San Diego
510,4,3,1,3,1500,5000,3.4,9000,Philadelphia
511,2,2,4,3,500,17000,3.4,9000,Detroit
512,3,1,1,3,1500,13000,3.4,12500,San Jose
513,5,1,3,1,1000,20000,3.4,25000,LosAngeles
514,3,2,1,1,750,75000,2.2,15000,Miami
515,2,2,3,2,1500,20000,9.3,25000,Miami
516,1,4,3,2,750,5000,13.4,25000,Chicago
517,2,3,3,1,1000,95000,9.3,11000,Dallas
518,5,1,2,1,1500,13000,3.4,15000,New Orleans
519,3,3,4,1,500,17000,13.4,9000,New York
520,2,4,2,2,1500,75000,4.5,3500,New York
521,2,1,2,1,750,17000,3.4,12500,Dallas
522,2,2,2,3,1000,13000,5.6,25000,San Jose
523,5,1,1,1,1000,13000,13.4,12500,Miami
524,5,4,2,3,1000,10000,2.2,15000,Miami
525,1,1,2,3,750,75000,7.2,7500,Seattle
526,1,3,4,2,750,17000,3.4,6500,LosAngeles
527,2,3,4,2,1500,95000,2.2,7500,Phoenix
528,3,3,2,3,250,10000,9.3,12500,San Diego
529,1,4,4,2,500,20000,10.2,16000,San Diego
530,5,1,2,3,500,75000,10.2,3500,WashingtionDC
531,3,1,1,3,1500,10000,2.2,3500,Miami
532,5,1,2,2,500,17000,11.0,12500,WashingtionDC
533,5,2,3,1,500,5000,10.2,15000,Phoenix
534,4,2,3,1,750,17000,6.8,11000,Philadelphia
535,5,3,1,2,750,95000,13.4,16000,WashingtionDC
536,5,2,1,2,750,95000,7.2,3500,Idaho
537,3,2,3,2,250,20000,5.6,3500,Phoenix
538,2,3,4,3,1500,17000,3.4,16000,San Jose
539,2,4,3,2,750,5000,4.5,7500,WashingtionDC
540,2,2,3,1,750,13000,2.2,5000,Miami
541,2,2,3,3,1000,17000,10.2,15000,Detroit
542,1,4,1,1,1500,13000,2.2,9000,Idaho
543,2,3,2,3,500,17000,5.6,7500,New Orleans
544,4,2,2,2,1500,17000,3.4,3500,Seattle
545,5,2,4,1,1500,5000,6.8,6500,Idaho
546,5,2,1,1,250,5000,11.0,15000,Detroit
547,5,1,1,1,500,5000,10.2,12500,Idaho
548,3,3,4,2,1000,10000,10.2,25000,New York
549,5,3,2,1,250,10000,6.8,6500,Detroit
550,2,3,1,3,1000,5000,7.2,15000,Phoenix
551,2,2,4,2,1000,20000,3.4,11000,Phoenix
552,1,3,3,1,250,5000,5.6,7500,Boston
553,4,2,3,2,750,17000,10.2,9000,San Jose
554,1,2,1,1,1500,95000,10.2,6500,Philadelphia
555,5,2,2,3,500,17000,11.0,11000,New Orleans
556,5,4,4,3,750,13000,6.8,7500,New York
557,4,3,4,3,1500,10000,3.4,5000,Dallas
558,1,4,1,2,250,75000,6.8,9000,Detroit
559,1,1,4,1,750,5000,13.4,16000,WashingtionDC
560,4,3,1,1,1000,20000,11.0,25000,New Orleans
561,2,2,4,3,1500,10000,6.8,5000,Phoenix
562,2,3,3,1,500,20000,2.2,6500,San Jose
563,1,3,4,2,750,20000,5.6,15000,New York
564,5,3,3,2,1000,17000,4.5,7500,Dallas
565,2,2,3,2,750,20000,6.8,9000,Miami
566,4,4,1,1,750,95000,13.4,9000,Seattle
567,2,4,4,3,250,75000,9.3,3500,New York
568,1,3,3,3,250,20000,11.0,12500,New Orleans
569,1,2,4,1,1000,13000,7.2,15000,Detroit
570,1,1,2,3,750,13000,7.2,25000,San Jose
571,3,1,3,2,1000,10000,4.5,12500,Philadelphia
572,2,1,3,1,250,17000,10.2,9000,Philadelphia
573,4,3,1,2,1500,20000,2.2,15000,New Orleans
574,2,1,3,2,250,5000,3.4,11000,Philadelphia
575,4,2,1,3,750,5000,10.2,25000,Dallas
576,2,3,3,3,500,10000,10.2,16000,Boston
577,4,4,2,3,750,95000,11.0,9000,Chicago
578,4,4,1,2,1000,75000,13.4,7500,LasVegas
579,3,4,3,2,1500,20000,7.2,16000,LasVegas
580,4,4,1,2,500,95000,13.4,11000,Boston
581,3,1,4,3,1000,5000,9.3,15000,San Jose
582,1,2,3,3,250,95000,4.5,9000,Boston
583,5,1,1,3,1000,75000,13.4,25000,Phoenix
584,4,3,2,3,500,5000,5.6,11000,WashingtionDC
585,2,3,1,1,750,95000,6.8,6500,San Diego
586,1,4,2,2,1500,20000,10.2,7500,San Jose
587,2,3,2,2,250,95000,3.4,15000,LasVegas
588,2,4,2,2,1500,75000,3.4,3500,Philadelphia
589,3,2,2,3,750,5000,13.4,15000,Miami
590,1,1,2,2,500,20000,6.8,12500,San Jose
591,5,3,1,1,250,13000,6.8,7500,New Orleans
592,5,1,1,1,1000,95000,6.8,15000,Philadelphia
593,5,2,2,3,500,10000,6.8,3500,Philadelphia
594,1,1,1,1,250,95000,9.3,5000,San Jose
595,4,3,3,2,750,95000,5.6,11000,Detroit
596,1,1,2,1,750,10000,9.3,25000,LasVegas
597,4,2,4,2,500,13000,10.2,3500,Dallas
598,4,2,2,2,500,13000,3.4,3500,Idaho
599,2,1,1,2,1000,75000,10.2,15000,Dallas
600,4,2,3,1,1500,13000,9.3,3500,New Orleans
601,1,4,3,2,500,95000,2.2,15000,Chicago
602,5,4,4,3,500,75000,4.5,11000,Miami
603,3,1,3,2,500,17000,5.6,12500,New York
604,4,1,2,1,750,95000,13.4,16000,Miami
605,2,2,1,3,1500,95000,6.8,5000,Chicago
606,4,3,1,1,500,17000,10.2,15000,San Jose
607,1,2,1,1,250,13000,6.8,15000,San Diego
608,5,3,4,2,250,5000,7.2,11000,Miami
609,1,1,3,3,1000,5000,9.3,3500,Chicago
610,2,2,1,1,750,20000,5.6,11000,New Orleans
611,5,2,4,1,1500,17000,4.5,11000,Phoenix
612,3,2,1,2,750,5000,11.0,7500,Miami
613,5,2,1,3,1000,75000,10.2,12500,Chicago
614,3,4,3,3,500,5000,4.5,11000,San Diego
615,1,4,4,1,750,95000,11.0,3500,Philadelphia
616,1,1,2,3,500,95000,13.4,12500,Miami
617,3,4,2,3,250,20000,5.6,5000,Idaho
618,2,3,1,1,1500,10000,3.4,11000,LosAngeles
619,5,2,4,2,250,95000,6.8,16000,Phoenix
620,2,4,2,2,250,95000,13.4,11000,Seattle
621,4,2,3,1,500,95000,6.8,16000,Phoenix
622,2,3,2,3,1500,17000,10.2,25000,Detroit
623,5,4,3,2,250,10000,10.2,15000,Chicago
624,2,3,3,1,750,5000,13.4,16000,Idaho
625,5,3,3,2,750,95000,13.4,12500,New York
626,5,4,4,3,1500,75000,9.3,12500,San Diego
627,3,4,2,3,1000,5000,4.5,9000,San Jose
628,2,3,3,2,1500,13000,2.2,7500,Seattle
629,5,2,3,1,750,75000,13.4,9000,LasVegas
630,4,4,4,3,500,13000,11.0,6500,Detroit
631,4,2,3,3,1000,20000,13.4,7500,Idaho
632,4,1,4,1,500,75000,4.5,7500,Detroit
633,1,4,1,3,1000,95000,4.5,11000,Detroit
634,4,3,3,2,1000,75000,10.2,25000,Idaho
635,5,4,3,3,750,5000,2.2,25000,LosAngeles
636,2,1,4,2,1000,5000,4.5,11000,Philadelphia
637,1,4,4,3,1500,5000,13.4,12500,Idaho
638,4,2,4,1,500,20000,7.2,25000,New Orleans
639,3,3,3,1,1000,13000,4.5,9000,Boston
640,3,4,3,3,250,20000,6.8,16000,San Jose
641,3,4,3,2,1000,13000,3.4,5000,Miami
642,1,4,3,2,500,13000,13.4,11000,Idaho
643,3,1,4,2,1000,10000,9.3,16000,WashingtionDC
644,3,1,3,3,750,17000,13.4,16000,WashingtionDC
645,5,1,4,1,500,10000,4.5,9000,Detroit
646,5,3,3,2,1500,10000,9.3,6500,New York
647,3,3,2,2,1500,17000,5.6,9000,Dallas
648,1,3,2,2,250,10000,7.2,6500,San Jose
649,3,2,4,2,500,20000,6.8,9000,Seattle
650,4,3,4,1,750,75000,11.0,25000,New Orleans
651,1,2,2,2,1500,10000,9.3,5000,Seattle
652,2,4,1,1,250,95000,6.8,11000,Detroit
653,1,4,3,3,250,75000,5.6,25000,Detroit
654,1,4,1,3,1500,75000,5.6,12500,WashingtionDC
655,1,1,1,1,250,20000,9.3,25000,Miami
656,2,2,3,2,750,17000,11.0,9000,WashingtionDC
657,1,3,3,3,750,17000,3.4,11000,Philadelphia
658,2,4,4,2,1000,10000,9.3,12500,Boston
659,2,2,3,1,1000,17000,6.8,25000,San Jose
660,5,3,1,3,1000,5000,3.4,9000,Phoenix
661,1,4,1,1,250,75000,10.2,9000,Seattle
662,4,4,2,2,250,13000,13.4,7500,San Diego
663,5,2,1,3,750,13000,9.3,5000,New Orleans
664,2,1,4,2,750,17000,13.4,7500,San Jose
665,3,1,3,3,250,10000,2.2,7500,New Orleans
666,5,4,2,3,1000,95000,13.4,12500,WashingtionDC
667,2,1,2,1,250,10000,6.8,5000,WashingtionDC
668,2,4,2,1,750,17000,3.4,5000,San Jose
669,1,4,2,1,500,75000,9.3,6500,San Jose
670,2,1,2,1,750,95000,11.0,15000,Phoenix
671,2,4,3,3,250,13000,4.5,15000,Boston
672,5,3,3,1,1000,75000,2.2,25000,Phoenix
673,2,4,3,2,500,5000,6.8,5000,Dallas
674,5,4,1,2,250,20000,7.2,7500,LosAngeles
675,5,1,1,2,1000,95000,5.6,12500,Idaho
676,1,1,4,1,500,20000,9.3,7500,San Jose
677,2,3,4,3,250,13000,2.2,9000,Detroit
678,3,2,3,1,1000,13000,13.4,9000,Miami
679,3,2,3,3,250,20000,9.3,5000,New Orleans
680,2,1,3,2,1000,75000,2.2,6500,Miami
681,5,4,3,2,250,20000,13.4,5000,Chicago
682,4,2,4,2,500,5000,9.3,12500,New Orleans
683,2,4,3,1,500,95000,9.3,3500,Idaho
684,1,1,2,3,1500,95000,5.6,11000,New Orleans
685,1,2,4,1,1500,95000,13.4,25000,Detroit
686,1,4,4,2,1500,95000,4.5,12500,New York
687,2,1,4,1,250,20000,10.2,11000,LosAngeles
688,4,4,1,1,1500,5000,11.0,6500,WashingtionDC
689,3,4,3,2,1000,75000,7.2,5000,New Orleans
690,2,3,4,3,1500,5000,6.8,12500,Chicago
691,2,1,1,3,750,20000,5.6,25000,San Jose
692,4,3,3,3,750,5000,10.2,25000,Detroit
693,2,4,2,2,250,5000,11.0,25000,New York
694,4,2,3,1,750,17000,13.4,3500,Idaho
695,2,1,4,1,250,95000,2.2,15000,Idaho
696,2,3,1,2,1000,95000,9.3,15000,Seattle
697,4,3,4,1,250,75000,5.6,12500,Philadelphia
698,2,1,4,1,750,20000,13.4,7500,LosAngeles
699,2,1,2,2,1500,17000,10.2,6500,San Jose
700,3,2,2,3,1000,95000,7.2,6500,Seattle
701,4,3,3,2,1000,20000,5.6,6500,LasVegas
702,2,3,3,2,500,17000,11.0,3500,New Orleans
703,4,4,3,2,1000,95000,9.3,15000,WashingtionDC
704,2,1,1,1,1000,17000,7.2,25000,San Jose
705,4,4,4,1,250,10000,10.2,15000,LosAngeles
706,1,4,4,2,750,10000,7.2,11000,San Diego
707,1,4,2,3,750,5000,4.5,12500,New York
708,1,3,3,1,750,5000,7.2,15000,Chicago
709,2,1,1,2,1000,13000,3.4,6500,Miami
710,3,4,2,2,500,5000,4.5,5000,Detroit
711,4,2,2,1,500,20000,6.8,5000,Idaho
712,3,2,4,2,500,20000,13.4,9000,WashingtionDC
713,1,4,4,3,250,13000,6.8,5000,New York
714,3,1,4,1,750,17000,9.3,7500,Idaho
715,2,4,1,1,500,13000,4.5,25000,Phoenix
716,4,1,3,3,250,13000,6.8,15000,Philadelphia
717,3,4,2,3,250,17000,10.2,15000,Philadelphia
718,4,2,2,3,750,5000,4.5,5000,Idaho
719,4,2,2,2,500,17000,9.3,6500,New Orleans
720,1,4,3,3,1500,75000,11.0,9000,Dallas
721,1,4,2,1,750,20000,11.0,25000,Seattle
722,3,2,1,2,750,10000,11.0,25000,Phoenix
723,4,4,2,1,1000,17000,7.2,16000,Seattle
724,3,3,4,2,1500,10000,2.2,9000,Seattle
725,1,4,1,2,500,10000,6.8,5000,San Diego
726,5,1,1,1,500,13000,10.2,3500,Idaho
727,2,2,2,2,750,17000,2.2,7500,Chicago
728,2,1,1,2,1500,95000,13.4,12500,San Diego
729,1,2,3,2,1500,13000,5.6,7500,Idaho
730,5,3,1,3,1000,13000,6.8,6500,LasVegas
731,4,1,2,1,500,95000,13.4,25000,Idaho
732,2,2,2,1,500,95000,4.5,12500,Detroit
733,1,3,2,3,750,95000,9.3,12500,Seattle
734,1,3,4,3,250,10000,5.6,5000,Detroit
735,4,3,4,1,1000,10000,5.6,9000,New York
736,4,1,4,1,500,95000,7.2,11000,Idaho
737,3,2,3,1,250,5000,9.3,6500,San Diego
738,1,3,2,3,750,17000,5.6,6500,Chicago
739,2,1,4,2,1000,75000,5.6,6500,San Jose
740,5,3,1,2,1500,13000,4.5,11000,New Orleans
741,3,4,4,3,750,13000,11.0,9000,Detroit
742,2,2,2,2,750,10000,5.6,12500,New York
743,1,3,3,3,500,17000,9.3,25000,San Jose
744,2,3,1,3,500,17000,6.8,9000,Seattle
745,5,4,3,1,1500,75000,10.2,3500,Chicago
746,1,3,4,1,250,5000,3.4,5000,Miami
747,2,3,3,3,1000,5000,6.8,25000,New York
748,1,4,2,2,750,75000,10.2,16000,Dallas
749,5,3,1,3,500,95000,7.2,25000,Seattle
750,4,2,1,3,1500,5000,6.8,25000,Philadelphia
751,5,3,4,3,250,75000,13.4,11000,San Diego
752,4,2,1,1,750,75000,10.2,6500,Boston
753,4,2,2,3,750,95000,6.8,9000,Dallas
754,1,1,4,1,1500,5000,6.8,7500,Detroit
755,5,4,2,3,750,75000,6.8,16000,Miami
756,1,2,3,3,500,13000,5.6,15000,New York
757,5,3,1,3,250,75000,6.8,15000,LosAngeles
758,4,4,3,3,750,13000,9.3,7500,Idaho
759,2,1,3,3,1500,10000,6.8,7500,Philadelphia
760,4,3,1,1,1000,75000,11.0,9000,Miami
761,5,2,2,1,500,13000,3.4,12500,Boston
762,5,3,3,3,1500,10000,13.4,16000,Phoenix
763,3,2,3,1,250,20000,3.4,5000,Miami
764,5,3,1,2,250,5000,4.5,15000,Detroit
765,4,2,2,1,750,10000,9.3,5000,Idaho
766,4,4,2,2,1500,13000,11.0,9000,Philadelphia
767,3,4,2,2,250,10000,10.2,25000,Dallas
768,2,2,4,3,750,17000,10.2,5000,Phoenix
769,5,3,4,3,250,20000,11.0,16000,WashingtionDC
770,1,3,1,2,1000,5000,2.2,6500,New Orleans
771,2,4,3,1,250,75000,6.8,6500,LosAngeles
772,5,2,2,2,500,13000,11.0,3500,New Orleans
773,3,1,3,1,1000,10000,9.3,16000,Boston
774,1,3,2,2,1500,10000,6.8,6500,LosAngeles
775,5,3,4,3,750,5000,11.0,16000,New York
776,2,3,3,1,1000,13000,10.2,11000,New York
777,5,3,3,3,1500,5000,6.8,15000,Detroit
778,2,4,4,2,1000,5000,4.5,16000,LasVegas
779,5,4,4,2,1000,5000,2.2,6500,Chicago
780,2,3,3,1,500,5000,6.8,3500,New Orleans
781,5,2,1,1,750,17000,13.4,16000,LosAngeles
782,2,2,4,1,750,95000,2.2,11000,San Diego
783,1,1,4,3,250,17000,2.2,25000,New Orleans
784,3,4,4,3,750,17000,11.0,3500,Idaho
785,2,2,1,2,750,13000,10.2,12500,Miami
786,5,1,4,3,250,17000,10.2,16000,Detroit
787,5,4,2,2,1500,20000,11.0,6500,San Jose
788,3,4,1,2,250,13000,4.5,3500,Idaho
789,5,2,3,1,500,20000,6.8,9000,Miami
790,4,4,4,2,250,75000,7.2,7500,Philadelphia
791,3,1,4,1,500,95000,3.4,7500,WashingtionDC
792,3,3,2,2,750,20000,13.4,12500,Idaho
793,1,2,3,1,1500,5000,10.2,9000,Detroit
794,1,1,3,3,1500,20000,3.4,11000,Chicago
795,4,3,3,2,250,10000,10.2,25000,Miami
796,1,4,4,2,750,5000,2.2,5000,WashingtionDC
797,1,4,3,3,1500,5000,4.5,6500,Chicago
798,2,4,3,3,250,13000,4.5,7500,Idaho
799,1,4,4,1,1000,95000,3.4,5000,Phoenix
800,5,4,1,2,1000,17000,10.2,7500,Miami
801,1,3,3,1,1500,17000,11.0,5000,Detroit
802,1,4,4,3,1500,17000,13.4,6500,New York
803,1,3,4,2,250,20000,3.4,7500,LosAngeles
804,3,2,2,3,1500,75000,2.2,12500,Phoenix
805,5,3,2,2,250,17000,11.0,3500,LasVegas
806,1,1,4,3,500,75000,9.3,7500,Detroit
807,3,3,4,3,750,95000,5.6,7500,New York
808,5,1,4,2,750,13000,11.0,9000,Phoenix
809,4,1,2,3,500,10000,5.6,7500,Chicago
810,1,3,4,2,1500,17000,10.2,25000,LasVegas
811,3,3,2,2,750,95000,7.2,12500,WashingtionDC
812,3,3,3,3,1000,20000,5.6,9000,WashingtionDC
813,1,3,1,2,500,95000,6.8,12500,Boston
814,1,2,3,3,750,20000,4.5,11000,Detroit
815,2,4,2,1,750,10000,2.2,3500,WashingtionDC
816,3,4,2,1,750,75000,11.0,15000,WashingtionDC
817,4,4,4,2,1500,95000,11.0,15000,LosAngeles
818,5,3,3,3,1500,20000,11.0,9000,San Diego
819,3,4,1,1,1500,95000,11.0,11000,LasVegas
820,2,2,1,3,500,5000,4.5,11000,LosAngeles
821,4,1,3,3,1000,13000,5.6,11000,San Diego
822,4,3,3,1,1500,5000,5.6,5000,New Orleans
823,1,4,4,3,250,13000,2.2,3500,Boston
824,2,3,1,1,500,75000,11.0,15000,San Jose
825,1,2,1,2,750,13000,2.2,3500,Philadelphia
826,5,2,1,1,1500,17000,13.4,3500,Detroit
827,2,2,3,1,1500,5000,13.4,5000,LasVegas
828,3,1,1,2,250,5000,3.4,11000,WashingtionDC
829,4,1,1,2,750,75000,2.2,3500,New Orleans
830,4,1,2,3,250,5000,9.3,7500,Dallas
831,2,2,1,1,1000,5000,11.0,12500,Philadelphia
832,5,3,1,1,1500,95000,4.5,12500,Dallas
833,1,4,4,2,750,17000,5.6,6500,Boston
834,3,2,1,2,500,95000,3.4,25000,New York
835,5,1,1,2,1500,17000,2.2,7500,New York
836,4,2,2,2,1500,5000,4.5,12500,Miami
837,1,1,3,3,1000,75000,3.4,16000,LasVegas
838,4,4,2,2,1000,17000,4.5,6500,Chicago
839,1,3,2,1,750,95000,13.4,6500,LosAngeles
840,5,1,3,3,1000,10000,6.8,11000,LasVegas
841,2,2,1,1,500,95000,9.3,6500,New York
842,4,4,3,2,1500,10000,9.3,6500,Phoenix
843,2,3,3,1,750,75000,13.4,9000,San Diego
844,1,4,1,2,1500,20000,5.6,9000,San Jose
845,5,4,3,3,250,10000,5.6,3500,San Jose
846,3,3,2,2,750,13000,9.3,9000,LosAngeles
847,5,1,1,1,250,13000,5.6,11000,Chicago
848,3,2,4,2,1500,20000,4.5,11000,Philadelphia
849,4,2,4,1,750,20000,13.4,11000,Phoenix
850,1,2,2,2,1500,17000,11.0,5000,LosAngeles
851,4,4,4,2,750,5000,11.0,6500,Dallas
852,2,2,2,1,250,95000,11.0,25000,LasVegas
853,3,3,1,1,250,10000,6.8,11000,LasVegas
854,5,4,3,3,1500,95000,7.2,15000,LosAngeles
855,5,1,2,2,1500,17000,3.4,5000,New Orleans
856,4,4,2,2,750,20000,5.6,25000,Chicago
857,4,4,4,1,1500,13000,11.0,16000,New Orleans
858,5,3,1,1,1500,10000,7.2,5000,San Jose
859,1,2,3,1,500,13000,9.3,6500,Chicago
860,3,4,1,2,750,75000,13.4,9000,Detroit
861,5,4,4,1,1000,20000,4.5,6500,San Jose
862,2,1,1,3,500,5000,2.2,16000,San Jose
863,2,2,2,2,750,20000,13.4,16000,Dallas
864,4,3,3,2,1000,5000,5.6,12500,Idaho
865,3,4,2,3,1500,75000,9.3,15000,Philadelphia
866,4,4,4,2,1000,95000,6.8,25000,LosAngeles
867,1,1,1,3,500,17000,11.0,6500,Detroit
868,1,3,1,2,1000,95000,5.6,9000,San Diego
869,4,3,2,1,1500,75000,7.2,6500,Philadelphia
870,2,2,2,1,750,17000,5.6,6500,Philadelphia
871,3,2,2,3,750,95000,9.3,12500,Seattle
872,4,1,1,3,750,17000,6.8,7500,LosAngeles
873,5,1,1,1,1500,10000,5.6,11000,Miami
874,4,3,3,2,1500,10000,7.2,25000,LasVegas
875,5,1,1,2,1000,13000,4.5,12500,Detroit
876,1,1,3,3,750,5000,3.4,9000,LasVegas
877,1,3,2,1,750,75000,6.8,25000,Idaho
878,3,4,3,3,1000,17000,7.2,3500,New Orleans
879,4,2,3,3,1500,10000,9.3,16000,Philadelphia
880,2,4,2,2,250,75000,10.2,12500,Philadelphia
881,3,2,4,1,750,75000,13.4,16000,Phoenix
882,5,2,4,1,250,5000,10.2,11000,Seattle
883,1,3,4,2,250,75000,9.3,11000,San Jose
884,3,3,3,3,1500,17000,3.4,5000,WashingtionDC
885,4,2,4,2,500,10000,9.3,6500,San Diego
886,5,3,1,1,750,75000,3.4,16000,LasVegas
887,5,2,3,1,250,10000,13.4,5000,New Orleans
888,3,4,3,1,250,17000,9.3,15000,Philadelphia
889,4,3,3,3,1000,17000,7.2,3500,LosAngeles
890,5,4,4,2,1500,95000,4.5,12500,Phoenix
891,1,1,4,2,500,95000,7.2,25000,LasVegas
892,3,4,4,1,1500,10000,5.6,3500,Phoenix
893,3,1,4,2,750,10000,2.2,15000,Chicago
894,2,4,4,2,750,13000,7.2,3500,Idaho
895,3,1,4,1,1000,20000,3.4,15000,Phoenix
896,1,2,4,3,1500,10000,9.3,9000,Dallas
897,2,2,3,1,1000,95000,11.0,9000,Boston
898,2,3,1,2,250,13000,6.8,5000,LosAngeles
899,2,2,4,2,500,10000,7.2,7500,Dallas
900,3,2,4,3,750,5000,2.2,15000,New York
901,2,4,4,3,1500,20000,6.8,25000,Idaho
902,1,4,3,3,250,95000,2.2,11000,Chicago
903,1,2,2,3,1500,17000,13.4,9000,New York
904,5,1,1,2,1500,5000,6.8,6500,New York
905,4,3,1,1,500,5000,9.3,9000,Chicago
906,5,3,1,2,1500,10000,10.2,11000,LasVegas
907,3,2,2,1,1500,17000,10.2,12500,San Jose
908,4,4,3,1,250,5000,7.2,9000,Seattle
909,2,1,4,1,250,75000,2.2,7500,Idaho
910,4,3,2,2,750,17000,10.2,25000,Seattle
911,2,2,1,2,750,17000,7.2,7500,Seattle
912,3,1,3,2,1500,20000,4.5,15000,Seattle
913,3,4,4,2,250,10000,4.5,11000,San Diego
914,5,3,1,1,750,95000,11.0,11000,Seattle
915,5,3,3,1,1000,10000,4.5,9000,San Jose
916,3,3,2,2,500,75000,3.4,6500,New Orleans
917,5,3,3,3,250,95000,9.3,7500,Detroit
918,1,4,3,3,750,95000,13.4,15000,New Orleans
919,3,4,2,2,1000,10000,9.3,3500,New York
920,4,3,4,3,250,20000,4.5,15000,Chicago
921,2,1,1,3,500,95000,4.5,15000,LasVegas
922,3,1,4,3,1000,20000,11.0,3500,LasVegas
923,1,1,4,3,500,13000,2.2,16000,New York
924,2,2,4,1,250,10000,4.5,12500,New York
925,2,4,1,2,1000,13000,11.0,7500,LosAngeles
926,5,1,2,1,1000,10000,13.4,12500,New Orleans
927,3,3,3,3,750,5000,6.8,3500,Miami
928,2,4,4,1,750,20000,6.8,9000,San Diego
929,3,1,1,2,1500,13000,10.2,7500,LosAngeles
930,2,3,2,1,250,95000,11.0,7500,LosAngeles
931,3,3,1,2,1500,75000,3.4,12500,New Orleans
932,5,1,2,2,1000,10000,11.0,16000,Miami
933,2,2,2,2,1500,95000,4.5,12500,Boston
934,2,3,4,1,500,20000,5.6,7500,Miami
935,5,1,1,1,250,20000,5.6,11000,WashingtionDC
936,3,3,3,2,1500,75000,10.2,3500,Dallas
937,1,2,2,2,1000,13000,13.4,12500,LosAngeles
938,2,3,1,1,1000,75000,10.2,25000,Miami
939,4,4,4,3,250,10000,5.6,11000,WashingtionDC
940,2,4,1,3,1500,20000,13.4,16000,WashingtionDC
941,3,1,3,1,500,95000,10.2,12500,New York
942,2,4,2,3,250,95000,9.3,16000,Boston
943,3,3,2,3,750,95000,7.2,25000,Boston
944,1,1,4,3,1000,75000,10.2,15000,San Jose
945,4,4,4,1,750,17000,5.6,15000,San Diego
946,3,1,1,3,750,5000,5.6,9000,Idaho
947,1,1,3,1,1500,75000,11.0,3500,New Orleans
948,3,2,3,2,250,17000,13.4,15000,San Diego
949,1,2,3,3,250,5000,6.8,12500,Idaho
950,4,4,1,1,250,10000,7.2,12500,New York
951,2,1,3,3,1500,13000,5.6,5000,LasVegas
952,1,1,1,1,750,75000,4.5,9000,Chicago
953,2,4,3,3,250,10000,7.2,25000,Philadelphia
954,1,4,4,3,500,5000,11.0,16000,LasVegas
955,4,3,4,2,1000,17000,6.8,6500,LosAngeles
956,1,3,1,1,1000,95000,13.4,5000,LosAngeles
957,3,2,3,2,1500,13000,9.3,12500,San Jose
958,5,1,1,3,500,17000,6.8,6500,LasVegas
959,2,1,3,2,1500,75000,3.4,16000,San Jose
960,2,2,3,2,500,17000,5.6,15000,San Diego
961,4,4,4,3,750,20000,9.3,25000,Detroit
962,4,4,4,2,500,75000,6.8,6500,Idaho
963,5,4,3,1,750,17000,10.2,12500,LasVegas
964,2,1,2,1,1500,10000,11.0,6500,San Diego
965,1,2,4,2,1500,95000,9.3,5000,Detroit
966,4,1,1,2,1000,20000,3.4,12500,San Jose
967,5,1,2,3,250,17000,6.8,3500,San Diego
968,3,2,4,3,250,95000,2.2,25000,New York
969,4,3,3,3,1000,10000,11.0,6500,New York
970,5,1,4,3,500,95000,2.2,6500,Miami
971,1,4,4,2,1500,13000,9.3,12500,New York
972,1,2,4,3,750,5000,2.2,7500,LosAngeles
973,1,2,1,1,1000,10000,10.2,15000,San Jose
974,2,4,1,1,750,75000,10.2,25000,New Orleans
975,4,2,2,1,1500,95000,10.2,6500,LosAngeles
976,1,4,4,1,250,20000,9.3,7500,New Orleans
977,5,2,2,1,1500,95000,13.4,16000,Chicago
978,2,4,2,1,1000,10000,11.0,16000,Miami
979,5,4,2,2,1500,95000,13.4,5000,Idaho
980,2,1,2,3,500,10000,5.6,5000,Miami
981,5,1,4,2,250,10000,6.8,7500,Philadelphia
982,3,2,3,1,750,75000,3.4,3500,LasVegas
983,4,2,2,3,750,10000,11.0,5000,Boston
984,4,2,1,3,1000,75000,2.2,12500,LasVegas
985,4,1,4,2,1500,5000,13.4,5000,Phoenix
986,3,1,4,1,500,75000,3.4,12500,Miami
987,1,1,4,2,1500,10000,3.4,12500,New York
988,2,1,4,3,500,20000,3.4,25000,Idaho
989,1,3,4,3,1000,95000,10.2,25000,Phoenix
990,4,1,3,1,500,20000,9.3,12500,Miami
991,1,2,3,3,1000,75000,13.4,25000,New Orleans
992,2,3,2,2,750,5000,6.8,6500,LasVegas
993,2,4,1,2,750,17000,2.2,16000,Philadelphia
994,5,1,2,3,750,20000,2.2,25000,Seattle
995,1,3,2,1,1000,20000,10.2,16000,Idaho
996,2,1,4,2,1000,20000,9.3,25000,Boston
997,3,1,2,3,1000,5000,9.3,6500,Seattle
998,4,1,3,2,500,95000,13.4,12500,Seattle
999,1,2,1,1,1500,13000,3.4,3500,LasVegas
