InvoiceNo,StockCode,Description,Quantity,InvoiceDate,UnitPrice,CustomerID,Country,Category
INV1000,ELE847,Wireless Mouse,3,01-01-2024,81.97,10051,Germany,Electronics
INV1001,ELE381,Laptop Charger,2,01-01-2024,56.43,10092,Australia,Electronics
INV1002,CLO476,T-Shirt,1,01-01-2024,11.43,10014,Germany,Clothing
INV1003,ELE449,Laptop Charger,3,01-02-2024,26.7,10071,USA,Electronics
INV1004,GRO342,Pasta,5,01-02-2024,196.65,10060,UK,Groceries
INV1005,GRO946,Organic Honey,1,01-02-2024,103.24,10020,Australia,Groceries
INV1006,ELE293,Wireless Mouse,3,01-03-2024,118.61,10082,Australia,Electronics
INV1007,CLO744,Jeans,2,01-03-2024,71.5,10086,Australia,Clothing
INV1008,CLO212,Jeans,4,01-03-2024,31.82,10074,UK,Clothing
INV1009,ELE993,Headphones,3,01-04-2024,187.08,10074,Germany,Electronics
INV1010,GRO772,Pasta,2,01-04-2024,96.31,10087,Germany,Groceries
INV1011,GRO271,Coffee Beans,2,01-05-2024,71.25,10099,UK,Groceries
INV1012,CLO428,T-Shirt,1,01-05-2024,32.17,10023,Australia,Clothing
INV1013,ELE680,Wireless Mouse,4,01-05-2024,193.36,10002,Germany,Electronics
INV1014,GRO687,Olive Oil,3,01-06-2024,22.63,10021,Canada,Groceries
INV1015,CLO972,Men's Shirt,5,01-06-2024,48.31,10052,Australia,Clothing
INV1016,CLO104,T-Shirt,3,01-06-2024,136.39,10001,UK,Clothing
INV1017,ELE700,Laptop Charger,5,01-07-2024,121.78,10087,UK,Electronics
INV1018,GRO736,Pasta,1,01-07-2024,152.05,10029,USA,Groceries
INV1019,CLO324,Women's Summer Dress,2,01-07-2024,113.28,10037,Australia,Clothing
INV1020,GRO297,Pasta,3,01-08-2024,129.26,10001,UK,Groceries
INV1021,GRO388,Green Tea,4,01-08-2024,150.88,10063,Australia,Groceries
INV1022,CLO196,Women's Summer Dress,5,01-09-2024,57.21,10059,USA,Clothing
INV1023,ELE697,Laptop Charger,2,01-09-2024,154.87,10020,Australia,Electronics
INV1024,ELE217,Wireless Mouse,5,01-09-2024,31.02,10032,Canada,Electronics
INV1025,CLO795,Jeans,5,01-10-2024,112.57,10075,Germany,Clothing
INV1026,GRO943,Organic Honey,5,01-10-2024,146.81,10057,Australia,Groceries
INV1027,GRO391,Organic Honey,2,01-10-2024,57.84,10021,Germany,Groceries
INV1028,GRO971,Coffee Beans,2,01-11-2024,189.98,10088,Canada,Groceries
INV1029,ELE715,Headphones,2,01-11-2024,126.18,10048,Canada,Electronics
INV1030,GRO455,Organic Honey,4,01-11-2024,160.12,10090,Germany,Groceries
INV1031,GRO703,Coffee Beans,2,01-12-2024,23.1,10058,Australia,Groceries
INV1032,CLO825,Women's Summer Dress,3,01-12-2024,95.66,10041,Germany,Clothing
INV1033,CLO721,Pleated Skirt,4,01/13/2024,33.69,10091,USA,Clothing
INV1034,CLO760,Men's Shirt,1,01/13/2024,151.41,10059,UK,Clothing
INV1035,CLO765,T-Shirt,1,01/13/2024,31.71,10079,Canada,Clothing
INV1036,CLO174,Pleated Skirt,2,01/14/2024,98.48,10014,Australia,Clothing
INV1037,ELE628,Smartphone,3,01/14/2024,16.24,10061,Australia,Electronics
INV1038,GRO279,Olive Oil,5,01/14/2024,183.82,10061,USA,Groceries
INV1039,CLO761,Men's Shirt,2,01/15/2024,12.49,10046,Germany,Clothing
INV1040,CLO183,Women's Summer Dress,1,01/15/2024,38.25,10061,Canada,Clothing
INV1041,GRO459,Green Tea,1,01/15/2024,66.92,10050,Germany,Groceries
INV1042,ELE990,Smartphone,3,01/16/2024,76.38,10054,Germany,Electronics
INV1043,CLO576,T-Shirt,3,01/16/2024,22.48,10063,Australia,Clothing
INV1044,GRO293,Coffee Beans,4,01/17/2024,101.41,10002,Australia,Groceries
INV1045,GRO996,Organic Honey,5,01/17/2024,24.35,10050,Australia,Groceries
INV1046,ELE977,Bluetooth Speaker,2,01/17/2024,87.66,10006,Canada,Electronics
INV1047,ELE107,Headphones,1,01/18/2024,114.83,10020,Australia,Electronics
INV1048,GRO866,Pasta,5,01/18/2024,123.06,10072,USA,Groceries
INV1049,GRO678,Green Tea,3,01/18/2024,134.02,10038,UK,Groceries
INV1050,GRO551,Pasta,4,01/19/2024,136.94,10017,Germany,Groceries
INV1051,ELE106,Bluetooth Speaker,2,01/19/2024,26.25,10003,Germany,Electronics
INV1052,GRO647,Green Tea,5,01/19/2024,90.07,10088,UK,Groceries
INV1053,CLO622,T-Shirt,2,01/20/2024,166.77,10059,Australia,Clothing
INV1054,GRO631,Organic Honey,5,01/20/2024,75.59,10013,USA,Groceries
INV1055,ELE966,Headphones,4,01/21/2024,195.16,10008,Canada,Electronics
INV1056,CLO257,Pleated Skirt,3,01/21/2024,179.96,10089,USA,Clothing
INV1057,ELE308,Smartphone,1,01/21/2024,112.91,10052,Germany,Electronics
INV1058,CLO857,Women's Summer Dress,3,01/22/2024,90.12,10001,UK,Clothing
INV1059,ELE208,Headphones,2,01/22/2024,61.74,10083,Australia,Electronics
INV1060,ELE227,Bluetooth Speaker,5,01/22/2024,164.86,10091,USA,Electronics
INV1061,ELE116,Bluetooth Speaker,5,01/23/2024,133.77,10059,UK,Electronics
INV1062,GRO973,Green Tea,5,01/23/2024,60.1,10070,Australia,Groceries
INV1063,ELE848,Laptop Charger,1,01/24/2024,103.91,10043,UK,Electronics
INV1064,CLO575,Women's Summer Dress,2,01/24/2024,90.19,10007,UK,Clothing
INV1065,ELE804,Smartphone,3,01/24/2024,27.16,10046,Australia,Electronics
INV1066,ELE248,Headphones,3,01/25/2024,64.85,10034,Canada,Electronics
INV1067,CLO906,Men's Shirt,3,01/25/2024,190.37,10077,Germany,Clothing
INV1068,CLO647,Pleated Skirt,4,01/25/2024,40.78,10080,Canada,Clothing
INV1069,GRO606,Olive Oil,5,01/26/2024,39.39,10035,USA,Groceries
INV1070,ELE600,Bluetooth Speaker,1,01/26/2024,24.28,10049,USA,Electronics
INV1071,CLO160,Women's Summer Dress,3,01/26/2024,123.67,10003,USA,Clothing
INV1072,GRO230,Pasta,2,01/27/2024,161.89,10001,Canada,Groceries
INV1073,GRO623,Coffee Beans,3,01/27/2024,69.77,10005,Australia,Groceries
INV1074,GRO116,Olive Oil,2,01/28/2024,141.21,10053,USA,Groceries
INV1075,GRO417,Organic Honey,3,01/28/2024,149.12,10003,Germany,Groceries
INV1076,CLO473,T-Shirt,1,01/28/2024,181.64,10053,Canada,Clothing
INV1077,GRO588,Pasta,5,01/29/2024,137.28,10092,UK,Groceries
INV1078,GRO893,Olive Oil,5,01/29/2024,99.91,10062,Germany,Groceries
INV1079,GRO982,Olive Oil,2,01/29/2024,90.13,10017,Germany,Groceries
INV1080,ELE501,Laptop Charger,3,01/30/2024,167.49,10089,USA,Electronics
INV1081,ELE719,Smartphone,4,01/30/2024,101.4,10043,Australia,Electronics
INV1082,CLO282,Men's Shirt,4,01/30/2024,118.76,10033,USA,Clothing
INV1083,CLO496,Women's Summer Dress,2,01/31/2024,108.83,10073,Germany,Clothing
INV1084,ELE993,Laptop Charger,2,01/31/2024,14.64,10061,UK,Electronics
INV1085,ELE858,Smartphone,5,02-01-2024,110.5,10099,Australia,Electronics
INV1086,GRO128,Organic Honey,1,02-01-2024,86.37,10013,Germany,Groceries
INV1087,CLO338,Jeans,1,02-01-2024,155.97,10094,USA,Clothing
INV1088,GRO488,Organic Honey,1,02-02-2024,55.37,10047,Australia,Groceries
INV1089,CLO423,Pleated Skirt,2,02-02-2024,54.39,10014,USA,Clothing
INV1090,CLO684,T-Shirt,1,02-02-2024,84.41,10071,Canada,Clothing
INV1091,GRO904,Coffee Beans,5,02-03-2024,59.21,10077,Canada,Groceries
INV1092,ELE161,Smartphone,5,02-03-2024,197.95,10086,Canada,Electronics
INV1093,GRO960,Organic Honey,5,02-03-2024,167.82,10061,UK,Groceries
INV1094,GRO924,Coffee Beans,2,02-04-2024,16.98,10039,UK,Groceries
INV1095,GRO872,Green Tea,1,02-04-2024,108.47,10084,Canada,Groceries
INV1096,ELE672,Wireless Mouse,3,02-05-2024,85.29,10079,UK,Electronics
INV1097,ELE315,Wireless Mouse,3,02-05-2024,165.01,10081,Germany,Electronics
INV1098,CLO428,Women's Summer Dress,4,02-05-2024,120.22,10052,UK,Clothing
INV1099,GRO422,Olive Oil,3,02-06-2024,34.61,10023,USA,Groceries
INV1100,GRO837,Olive Oil,4,02-06-2024,16.73,10025,USA,Groceries
INV1101,CLO325,Men's Shirt,4,02-06-2024,80.81,10088,Australia,Clothing
INV1102,CLO553,Pleated Skirt,5,02-07-2024,51.83,10059,Germany,Clothing
INV1103,CLO692,T-Shirt,2,02-07-2024,104.08,10040,Germany,Clothing
INV1104,GRO422,Coffee Beans,2,02-07-2024,113.32,10028,Germany,Groceries
INV1105,CLO361,Women's Summer Dress,3,02-08-2024,174.95,10014,Canada,Clothing
INV1106,CLO670,Men's Shirt,1,02-08-2024,73.46,10044,Germany,Clothing
INV1107,CLO269,T-Shirt,4,02-09-2024,127.54,10064,Canada,Clothing
INV1108,GRO846,Green Tea,5,02-09-2024,175.65,10088,Australia,Groceries
INV1109,GRO493,Coffee Beans,3,02-09-2024,53.44,10070,UK,Groceries
INV1110,ELE623,Headphones,2,02-10-2024,64.54,10008,Australia,Electronics
INV1111,CLO116,Women's Summer Dress,2,02-10-2024,130.46,10087,Germany,Clothing
INV1112,GRO513,Pasta,2,02-10-2024,92.13,10000,UK,Groceries
INV1113,GRO671,Organic Honey,5,02-11-2024,29.48,10007,Canada,Groceries
INV1114,ELE830,Laptop Charger,1,02-11-2024,156.49,10087,USA,Electronics
INV1115,ELE121,Wireless Mouse,2,02-12-2024,24.19,10062,UK,Electronics
INV1116,ELE815,Headphones,4,02-12-2024,133.04,10010,Canada,Electronics
INV1117,CLO106,Jeans,5,02-12-2024,14.2,10080,Australia,Clothing
INV1118,GRO637,Coffee Beans,2,02/13/2024,61.99,10007,Germany,Groceries
INV1119,CLO496,Men's Shirt,1,02/13/2024,41.09,10034,Germany,Clothing
INV1120,CLO983,Men's Shirt,2,02/13/2024,156.84,10034,Canada,Clothing
INV1121,ELE638,Smartphone,3,02/14/2024,190.66,10032,Canada,Electronics
INV1122,CLO402,T-Shirt,5,02/14/2024,131.32,10004,Australia,Clothing
INV1123,CLO486,T-Shirt,3,02/14/2024,87.77,10040,Canada,Clothing
INV1124,ELE262,Bluetooth Speaker,1,02/15/2024,133.82,10027,Canada,Electronics
INV1125,ELE307,Laptop Charger,3,02/15/2024,193.96,10006,USA,Electronics
INV1126,CLO408,T-Shirt,3,02/16/2024,170.51,10072,Canada,Clothing
INV1127,GRO448,Pasta,4,02/16/2024,16.18,10071,Canada,Groceries
INV1128,ELE657,Smartphone,1,02/16/2024,10.23,10011,USA,Electronics
INV1129,ELE951,Laptop Charger,4,02/17/2024,116.1,10033,USA,Electronics
INV1130,GRO216,Green Tea,2,02/17/2024,161.54,10032,Australia,Groceries
INV1131,CLO171,Women's Summer Dress,5,02/17/2024,23.76,10047,UK,Clothing
INV1132,ELE400,Smartphone,1,02/18/2024,173.42,10022,USA,Electronics
INV1133,GRO187,Pasta,1,02/18/2024,55.99,10061,USA,Groceries
INV1134,ELE759,Laptop Charger,1,02/18/2024,116.33,10087,UK,Electronics
INV1135,CLO324,Pleated Skirt,1,02/19/2024,177.68,10036,USA,Clothing
INV1136,CLO765,Jeans,2,02/19/2024,195.72,10098,UK,Clothing
INV1137,ELE242,Bluetooth Speaker,2,02/20/2024,17.82,10043,Canada,Electronics
INV1138,CLO416,Men's Shirt,3,02/20/2024,180.28,10085,USA,Clothing
INV1139,ELE458,Wireless Mouse,1,02/20/2024,144.72,10090,UK,Electronics
INV1140,ELE417,Laptop Charger,3,02/21/2024,102.04,10034,Australia,Electronics
INV1141,ELE121,Bluetooth Speaker,2,02/21/2024,101.37,10064,USA,Electronics
INV1142,ELE111,Smartphone,4,02/21/2024,40.31,10098,Germany,Electronics
INV1143,GRO246,Coffee Beans,4,02/22/2024,151.41,10046,Germany,Groceries
INV1144,GRO794,Green Tea,3,02/22/2024,40.72,10077,UK,Groceries
INV1145,GRO451,Green Tea,1,02/22/2024,103.72,10002,Canada,Groceries
INV1146,ELE134,Smartphone,5,02/23/2024,23.72,10000,USA,Electronics
INV1147,GRO916,Organic Honey,5,02/23/2024,148.16,10004,Germany,Groceries
INV1148,CLO831,Jeans,4,02/24/2024,155.87,10089,Canada,Clothing
INV1149,ELE707,Wireless Mouse,1,02/24/2024,93.34,10013,Germany,Electronics
INV1150,ELE677,Laptop Charger,2,02/24/2024,160.66,10026,UK,Electronics
INV1151,GRO285,Pasta,5,02/25/2024,50.03,10008,Germany,Groceries
INV1152,ELE836,Headphones,3,02/25/2024,157.44,10078,Canada,Electronics
INV1153,ELE625,Bluetooth Speaker,2,02/25/2024,44.39,10014,Germany,Electronics
INV1154,ELE652,Headphones,4,02/26/2024,86.95,10089,USA,Electronics
INV1155,ELE990,Wireless Mouse,1,02/26/2024,194.19,10041,UK,Electronics
INV1156,GRO360,Green Tea,1,02/26/2024,156.96,10076,Canada,Groceries
INV1157,CLO109,Men's Shirt,3,02/27/2024,93.98,10050,UK,Clothing
INV1158,CLO943,Pleated Skirt,1,02/27/2024,91.87,10062,Canada,Clothing
INV1159,GRO612,Organic Honey,1,02/28/2024,41.74,10095,Canada,Groceries
INV1160,CLO786,Men's Shirt,5,02/28/2024,111.37,10051,USA,Clothing
INV1161,CLO923,Jeans,4,02/28/2024,174.2,10095,Canada,Clothing
INV1162,GRO981,Green Tea,2,02/29/2024,33.36,10003,Germany,Groceries
INV1163,ELE100,Headphones,3,02/29/2024,95.92,10093,Germany,Electronics
INV1164,GRO260,Green Tea,1,02/29/2024,121.09,10022,Canada,Groceries
INV1165,ELE792,Laptop Charger,2,03-01-2024,193.37,10014,Australia,Electronics
INV1166,ELE316,Bluetooth Speaker,2,03-01-2024,194.89,10042,Australia,Electronics
INV1167,ELE393,Laptop Charger,4,03-02-2024,33.89,10028,Germany,Electronics
INV1168,ELE991,Bluetooth Speaker,2,03-02-2024,45.79,10035,Germany,Electronics
INV1169,ELE594,Headphones,2,03-02-2024,135.71,10012,UK,Electronics
INV1170,GRO513,Coffee Beans,2,03-03-2024,56.39,10031,UK,Groceries
INV1171,GRO687,Olive Oil,3,03-03-2024,186.88,10070,Canada,Groceries
INV1172,CLO246,Women's Summer Dress,5,03-03-2024,136.72,10058,USA,Clothing
INV1173,ELE803,Laptop Charger,1,03-04-2024,174.62,10085,USA,Electronics
INV1174,CLO856,Women's Summer Dress,5,03-04-2024,64.85,10027,Australia,Clothing
INV1175,ELE201,Headphones,4,03-04-2024,136.84,10065,UK,Electronics
INV1176,ELE378,Headphones,3,03-05-2024,175.09,10041,USA,Electronics
INV1177,ELE824,Wireless Mouse,1,03-05-2024,79.63,10044,Germany,Electronics
INV1178,GRO704,Organic Honey,1,03-06-2024,123.33,10061,USA,Groceries
INV1179,GRO201,Organic Honey,2,03-06-2024,121.54,10056,UK,Groceries
INV1180,ELE102,Wireless Mouse,5,03-06-2024,174.03,10005,UK,Electronics
INV1181,ELE728,Laptop Charger,5,03-07-2024,74.84,10027,Canada,Electronics
INV1182,CLO403,Pleated Skirt,5,03-07-2024,56.75,10027,Canada,Clothing
INV1183,GRO442,Pasta,2,03-07-2024,145.94,10043,Australia,Groceries
INV1184,CLO506,T-Shirt,3,03-08-2024,11.44,10083,Germany,Clothing
INV1185,GRO903,Olive Oil,3,03-08-2024,82.21,10029,Canada,Groceries
INV1186,CLO569,T-Shirt,3,03-08-2024,29.27,10061,Germany,Clothing
INV1187,CLO593,Jeans,3,03-09-2024,186.63,10074,Canada,Clothing
INV1188,GRO519,Coffee Beans,2,03-09-2024,85.98,10091,Germany,Groceries
INV1189,ELE449,Wireless Mouse,3,03-10-2024,33.41,10088,Canada,Electronics
INV1190,ELE258,Headphones,1,03-10-2024,117.79,10061,UK,Electronics
INV1191,ELE271,Wireless Mouse,5,03-10-2024,130.3,10096,Australia,Electronics
INV1192,CLO825,T-Shirt,4,03-11-2024,53.34,10000,USA,Clothing
INV1193,GRO477,Coffee Beans,1,03-11-2024,169.57,10026,USA,Groceries
INV1194,ELE392,Smartphone,4,03-11-2024,62.21,10061,Australia,Electronics
INV1195,GRO956,Coffee Beans,2,03-12-2024,155.66,10076,UK,Groceries
INV1196,CLO680,Pleated Skirt,1,03-12-2024,150.01,10002,UK,Clothing
INV1197,CLO761,T-Shirt,5,03-12-2024,131.97,10069,Canada,Clothing
INV1198,GRO749,Pasta,1,03/13/2024,84.27,10071,Germany,Groceries
INV1199,CLO869,Women's Summer Dress,3,03/13/2024,123.44,10026,UK,Clothing
INV1200,GRO473,Coffee Beans,5,03/14/2024,146.34,10008,USA,Groceries
INV1201,GRO401,Organic Honey,3,03/14/2024,124.61,10061,UK,Groceries
INV1202,GRO135,Green Tea,5,03/14/2024,179.9,10036,Australia,Groceries
INV1203,CLO990,Women's Summer Dress,1,03/15/2024,127.26,10096,Germany,Clothing
INV1204,CLO741,Jeans,4,03/15/2024,162.07,10050,Australia,Clothing
INV1205,CLO166,Pleated Skirt,4,03/15/2024,71.62,10043,Australia,Clothing
INV1206,ELE826,Bluetooth Speaker,4,03/16/2024,135.75,10023,USA,Electronics
INV1207,GRO570,Coffee Beans,4,03/16/2024,21.43,10078,Canada,Groceries
INV1208,ELE552,Laptop Charger,5,03/16/2024,130.64,10058,USA,Electronics
INV1209,GRO545,Coffee Beans,1,03/17/2024,166.14,10031,Canada,Groceries
INV1210,CLO747,Jeans,4,03/17/2024,100.23,10095,Germany,Clothing
INV1211,GRO726,Organic Honey,5,03/18/2024,150.06,10087,Canada,Groceries
INV1212,CLO385,Women's Summer Dress,5,03/18/2024,27.66,10051,UK,Clothing
INV1213,GRO883,Olive Oil,4,03/18/2024,158.59,10061,UK,Groceries
INV1214,CLO580,Jeans,2,03/19/2024,74.92,10057,USA,Clothing
INV1215,CLO860,Pleated Skirt,1,03/19/2024,106.85,10051,Australia,Clothing
INV1216,ELE295,Bluetooth Speaker,2,03/19/2024,107.98,10011,Australia,Electronics
INV1217,ELE242,Smartphone,4,03/20/2024,171.77,10038,UK,Electronics
INV1218,GRO141,Olive Oil,2,03/20/2024,129.31,10001,UK,Groceries
INV1219,ELE947,Smartphone,4,03/21/2024,165.56,10002,Germany,Electronics
INV1220,GRO958,Coffee Beans,2,03/21/2024,52.49,10055,Canada,Groceries
INV1221,ELE636,Bluetooth Speaker,2,03/21/2024,35.18,10080,USA,Electronics
INV1222,GRO209,Olive Oil,5,03/22/2024,70.33,10058,Australia,Groceries
INV1223,CLO752,Women's Summer Dress,5,03/22/2024,33.13,10001,Germany,Clothing
INV1224,ELE636,Laptop Charger,4,03/22/2024,25.19,10001,Canada,Electronics
INV1225,CLO757,Jeans,5,03/23/2024,30.08,10091,Germany,Clothing
INV1226,GRO159,Coffee Beans,3,03/23/2024,83.43,10053,Germany,Groceries
INV1227,GRO877,Coffee Beans,1,03/23/2024,21.05,10086,Australia,Groceries
INV1228,ELE155,Headphones,1,03/24/2024,91.76,10095,USA,Electronics
INV1229,GRO428,Green Tea,4,03/24/2024,67.62,10096,Australia,Groceries
INV1230,GRO708,Organic Honey,4,03/25/2024,130.31,10000,USA,Groceries
INV1231,CLO919,Jeans,5,03/25/2024,128.54,10018,Canada,Clothing
INV1232,ELE162,Bluetooth Speaker,5,03/25/2024,178.45,10001,Germany,Electronics
INV1233,GRO191,Pasta,5,03/26/2024,83.54,10052,Germany,Groceries
INV1234,ELE673,Bluetooth Speaker,3,03/26/2024,89.53,10043,Germany,Electronics
INV1235,ELE987,Bluetooth Speaker,5,03/26/2024,50.89,10089,Germany,Electronics
INV1236,ELE592,Bluetooth Speaker,5,03/27/2024,47.78,10031,Germany,Electronics
INV1237,CLO564,Jeans,3,03/27/2024,60.51,10069,Australia,Clothing
INV1238,GRO407,Green Tea,5,03/27/2024,102.77,10031,Canada,Groceries
INV1239,ELE723,Laptop Charger,4,03/28/2024,133.83,10067,Australia,Electronics
INV1240,CLO535,T-Shirt,5,03/28/2024,97.29,10054,Germany,Clothing
INV1241,ELE724,Headphones,1,03/29/2024,29.41,10074,USA,Electronics
INV1242,CLO229,Women's Summer Dress,4,03/29/2024,24.52,10055,USA,Clothing
INV1243,ELE925,Bluetooth Speaker,4,03/29/2024,158.42,10016,Canada,Electronics
INV1244,GRO875,Coffee Beans,3,03/30/2024,95.52,10037,USA,Groceries
INV1245,GRO954,Olive Oil,5,03/30/2024,38.53,10023,Canada,Groceries
INV1246,CLO107,T-Shirt,5,03/30/2024,17.22,10068,Australia,Clothing
INV1247,CLO534,T-Shirt,3,03/31/2024,12.3,10097,Germany,Clothing
INV1248,CLO465,Pleated Skirt,4,03/31/2024,76.44,10069,Australia,Clothing
INV1249,GRO639,Pasta,3,03/31/2024,43.08,10085,Germany,Groceries
INV1250,CLO649,Pleated Skirt,4,04-01-2024,180.79,10010,USA,Clothing
INV1251,CLO562,Pleated Skirt,2,04-01-2024,11.98,10015,Canada,Clothing
INV1252,ELE689,Laptop Charger,1,04-02-2024,132.34,10096,UK,Electronics
INV1253,GRO877,Coffee Beans,5,04-02-2024,33.79,10072,Australia,Groceries
INV1254,ELE792,Headphones,4,04-02-2024,39.76,10058,UK,Electronics
INV1255,GRO501,Olive Oil,1,04-03-2024,80.71,10069,Australia,Groceries
INV1256,ELE725,Laptop Charger,4,04-03-2024,55.73,10079,Germany,Electronics
INV1257,GRO987,Olive Oil,5,04-03-2024,64.32,10092,USA,Groceries
INV1258,CLO248,Pleated Skirt,5,04-04-2024,52,10002,Canada,Clothing
INV1259,GRO444,Pasta,4,04-04-2024,18.2,10019,UK,Groceries
INV1260,ELE312,Headphones,4,04-04-2024,165.38,10058,Australia,Electronics
INV1261,GRO560,Organic Honey,3,04-05-2024,154.06,10035,USA,Groceries
INV1262,GRO122,Pasta,5,04-05-2024,27.81,10018,Canada,Groceries
INV1263,GRO227,Olive Oil,5,04-06-2024,40.41,10089,UK,Groceries
INV1264,ELE975,Wireless Mouse,5,04-06-2024,177.48,10066,Canada,Electronics
INV1265,GRO965,Coffee Beans,3,04-06-2024,69.08,10018,Germany,Groceries
INV1266,ELE165,Smartphone,1,04-07-2024,81.3,10019,USA,Electronics
INV1267,ELE701,Bluetooth Speaker,2,04-07-2024,16.71,10095,USA,Electronics
INV1268,ELE517,Wireless Mouse,5,04-07-2024,79.91,10070,Australia,Electronics
INV1269,GRO200,Pasta,2,04-08-2024,79.98,10051,Germany,Groceries
INV1270,ELE253,Smartphone,5,04-08-2024,135.98,10032,Germany,Electronics
INV1271,ELE287,Laptop Charger,1,04-09-2024,83.66,10039,USA,Electronics
INV1272,GRO320,Organic Honey,3,04-09-2024,22.32,10038,UK,Groceries
INV1273,GRO987,Organic Honey,2,04-09-2024,123.88,10081,Australia,Groceries
INV1274,GRO159,Organic Honey,3,04-10-2024,104.67,10000,Australia,Groceries
INV1275,ELE175,Headphones,2,04-10-2024,144.46,10010,Canada,Electronics
INV1276,GRO839,Green Tea,1,04-10-2024,92.46,10091,UK,Groceries
INV1277,GRO212,Organic Honey,3,04-11-2024,162.26,10056,Australia,Groceries
INV1278,CLO217,Jeans,5,04-11-2024,42.96,10088,Canada,Clothing
INV1279,GRO498,Pasta,4,04-11-2024,82.93,10049,USA,Groceries
INV1280,ELE604,Headphones,4,04-12-2024,78.82,10022,UK,Electronics
INV1281,GRO718,Green Tea,1,04-12-2024,121.3,10030,Germany,Groceries
INV1282,ELE976,Wireless Mouse,3,04/13/2024,188.73,10093,UK,Electronics
INV1283,GRO680,Coffee Beans,5,04/13/2024,97.73,10041,Canada,Groceries
INV1284,CLO173,T-Shirt,5,04/13/2024,144.14,10098,UK,Clothing
INV1285,ELE740,Bluetooth Speaker,1,04/14/2024,11.34,10006,USA,Electronics
INV1286,ELE463,Laptop Charger,4,04/14/2024,85.78,10015,Canada,Electronics
INV1287,CLO824,Jeans,4,04/14/2024,18.47,10089,Canada,Clothing
INV1288,GRO319,Pasta,2,04/15/2024,61.67,10059,UK,Groceries
INV1289,CLO681,T-Shirt,4,04/15/2024,39.71,10001,Canada,Clothing
INV1290,GRO949,Organic Honey,2,04/15/2024,116.78,10000,Germany,Groceries
INV1291,ELE618,Wireless Mouse,2,04/16/2024,149.17,10047,Australia,Electronics
INV1292,GRO525,Green Tea,2,04/16/2024,89.57,10011,USA,Groceries
INV1293,CLO120,Pleated Skirt,2,04/17/2024,37.54,10068,UK,Clothing
INV1294,CLO470,Women's Summer Dress,1,04/17/2024,189.94,10036,Canada,Clothing
INV1295,CLO524,T-Shirt,1,04/17/2024,38.74,10031,Canada,Clothing
INV1296,GRO426,Coffee Beans,1,04/18/2024,109.44,10008,Germany,Groceries
INV1297,CLO127,Pleated Skirt,2,04/18/2024,113.08,10098,USA,Clothing
INV1298,CLO593,Pleated Skirt,2,04/18/2024,102.09,10018,Germany,Clothing
INV1299,CLO121,Pleated Skirt,1,04/19/2024,137.11,10047,UK,Clothing
INV1300,GRO778,Green Tea,4,04/19/2024,21.83,10079,Canada,Groceries
INV1301,GRO710,Coffee Beans,3,04/19/2024,159.39,10002,Germany,Groceries
INV1302,ELE977,Laptop Charger,4,04/20/2024,108.68,10019,Germany,Electronics
INV1303,GRO703,Organic Honey,3,04/20/2024,189.86,10023,UK,Groceries
INV1304,ELE546,Wireless Mouse,2,04/21/2024,22.39,10053,Australia,Electronics
INV1305,CLO326,Pleated Skirt,4,04/21/2024,95.82,10032,Australia,Clothing
INV1306,ELE808,Smartphone,3,04/21/2024,47.17,10023,Canada,Electronics
INV1307,ELE575,Laptop Charger,1,04/22/2024,119.74,10074,Germany,Electronics
INV1308,GRO658,Olive Oil,2,04/22/2024,40.01,10071,Canada,Groceries
INV1309,ELE485,Laptop Charger,3,04/22/2024,78.99,10035,Australia,Electronics
INV1310,ELE139,Smartphone,1,04/23/2024,123.64,10037,Germany,Electronics
INV1311,GRO359,Green Tea,3,04/23/2024,177.66,10083,Canada,Groceries
INV1312,GRO674,Olive Oil,5,04/23/2024,196.98,10098,Germany,Groceries
INV1313,ELE261,Headphones,4,04/24/2024,199.44,10088,UK,Electronics
INV1314,GRO346,Pasta,3,04/24/2024,140.5,10098,Australia,Groceries
INV1315,CLO892,Jeans,4,04/25/2024,179.15,10024,Germany,Clothing
INV1316,GRO575,Green Tea,5,04/25/2024,66.33,10092,UK,Groceries
INV1317,ELE671,Smartphone,4,04/25/2024,197.73,10017,UK,Electronics
INV1318,GRO975,Organic Honey,1,04/26/2024,77.98,10081,UK,Groceries
INV1319,ELE687,Smartphone,4,04/26/2024,109.83,10065,Germany,Electronics
INV1320,ELE774,Wireless Mouse,4,04/26/2024,182.02,10053,Australia,Electronics
INV1321,GRO413,Coffee Beans,3,04/27/2024,133.72,10034,USA,Groceries
INV1322,CLO750,Jeans,3,04/27/2024,130.49,10079,Canada,Clothing
INV1323,CLO165,Pleated Skirt,3,04/28/2024,140.4,10060,Canada,Clothing
INV1324,GRO759,Olive Oil,4,04/28/2024,198.43,10040,Australia,Groceries
INV1325,ELE914,Wireless Mouse,5,04/28/2024,16.31,10099,Germany,Electronics
INV1326,CLO753,Jeans,4,04/29/2024,175.53,10032,USA,Clothing
INV1327,GRO944,Organic Honey,2,04/29/2024,133.65,10067,Australia,Groceries
INV1328,GRO702,Pasta,2,04/29/2024,94.94,10032,Canada,Groceries
INV1329,CLO758,Men's Shirt,3,04/30/2024,90.28,10013,USA,Clothing
INV1330,ELE713,Bluetooth Speaker,1,04/30/2024,65.52,10020,Australia,Electronics
INV1331,GRO374,Coffee Beans,1,04/30/2024,169.5,10047,Germany,Groceries
INV1332,GRO862,Olive Oil,4,05-01-2024,167.58,10019,Canada,Groceries
INV1333,GRO497,Organic Honey,5,05-01-2024,112.73,10007,USA,Groceries
INV1334,ELE419,Wireless Mouse,1,05-02-2024,99.07,10006,USA,Electronics
INV1335,ELE920,Smartphone,3,05-02-2024,53.01,10066,USA,Electronics
INV1336,GRO875,Organic Honey,2,05-02-2024,136.88,10016,USA,Groceries
INV1337,GRO161,Green Tea,1,05-03-2024,64.21,10032,Canada,Groceries
INV1338,GRO675,Pasta,2,05-03-2024,118.94,10047,Germany,Groceries
INV1339,CLO968,Jeans,3,05-03-2024,102.79,10075,Germany,Clothing
INV1340,CLO544,Women's Summer Dress,1,05-04-2024,137.15,10058,USA,Clothing
INV1341,ELE107,Wireless Mouse,5,05-04-2024,141.95,10085,Canada,Electronics
INV1342,ELE273,Laptop Charger,1,05-04-2024,74.75,10021,Canada,Electronics
INV1343,CLO918,T-Shirt,4,05-05-2024,159.87,10029,Australia,Clothing
INV1344,GRO639,Organic Honey,4,05-05-2024,83.06,10037,Germany,Groceries
INV1345,GRO293,Organic Honey,2,05-06-2024,99.85,10050,USA,Groceries
INV1346,CLO821,Women's Summer Dress,1,05-06-2024,17.56,10053,UK,Clothing
INV1347,GRO479,Pasta,2,05-06-2024,194.59,10007,Germany,Groceries
INV1348,CLO966,Women's Summer Dress,3,05-07-2024,95.02,10026,Canada,Clothing
INV1349,CLO800,T-Shirt,1,05-07-2024,11.46,10026,Australia,Clothing
INV1350,CLO906,Pleated Skirt,5,05-07-2024,93.32,10097,UK,Clothing
INV1351,GRO876,Olive Oil,5,05-08-2024,64.07,10020,USA,Groceries
INV1352,CLO670,Men's Shirt,1,05-08-2024,15.64,10029,Australia,Clothing
INV1353,ELE432,Smartphone,5,05-08-2024,84.97,10096,Canada,Electronics
INV1354,GRO683,Organic Honey,5,05-09-2024,145.67,10027,Canada,Groceries
INV1355,CLO400,Women's Summer Dress,2,05-09-2024,191.46,10063,UK,Clothing
INV1356,CLO958,Women's Summer Dress,5,05-10-2024,167.62,10096,USA,Clothing
INV1357,GRO949,Organic Honey,2,05-10-2024,31.75,10068,USA,Groceries
INV1358,GRO693,Organic Honey,5,05-10-2024,32.99,10060,Canada,Groceries
INV1359,CLO431,Women's Summer Dress,2,05-11-2024,71.01,10047,USA,Clothing
INV1360,GRO896,Coffee Beans,1,05-11-2024,132.83,10018,Australia,Groceries
INV1361,GRO365,Green Tea,2,05-11-2024,36.39,10003,USA,Groceries
INV1362,CLO870,Jeans,4,05-12-2024,131.2,10034,Germany,Clothing
INV1363,ELE777,Headphones,3,05-12-2024,111.45,10063,UK,Electronics
INV1364,CLO367,Women's Summer Dress,3,05-12-2024,95.28,10048,Germany,Clothing
INV1365,GRO456,Coffee Beans,5,05/13/2024,163.52,10016,USA,Groceries
INV1366,GRO393,Olive Oil,4,05/13/2024,83.6,10043,Australia,Groceries
INV1367,ELE710,Laptop Charger,5,05/14/2024,62.32,10091,Germany,Electronics
INV1368,ELE129,Bluetooth Speaker,4,05/14/2024,52.99,10029,Australia,Electronics
INV1369,GRO271,Organic Honey,1,05/14/2024,91.89,10092,Australia,Groceries
INV1370,ELE924,Smartphone,4,05/15/2024,84.67,10045,UK,Electronics
INV1371,CLO520,Jeans,1,05/15/2024,75.72,10005,Canada,Clothing
INV1372,GRO301,Green Tea,4,05/15/2024,81.99,10098,Australia,Groceries
INV1373,GRO225,Pasta,3,05/16/2024,69.13,10036,Germany,Groceries
INV1374,ELE539,Laptop Charger,4,05/16/2024,116.34,10023,Canada,Electronics
INV1375,CLO533,T-Shirt,5,05/17/2024,53.41,10092,Australia,Clothing
INV1376,GRO656,Pasta,4,05/17/2024,28.87,10045,Australia,Groceries
INV1377,GRO662,Coffee Beans,2,05/17/2024,69.51,10052,Germany,Groceries
INV1378,GRO641,Green Tea,2,05/18/2024,181.02,10094,Germany,Groceries
INV1379,CLO223,Pleated Skirt,5,05/18/2024,100.06,10098,Canada,Clothing
INV1380,ELE300,Laptop Charger,1,05/18/2024,26.76,10059,Australia,Electronics
INV1381,GRO208,Organic Honey,4,05/19/2024,196.22,10096,USA,Groceries
INV1382,CLO773,T-Shirt,5,05/19/2024,154.76,10062,Australia,Clothing
INV1383,GRO998,Pasta,2,05/19/2024,167.09,10084,Germany,Groceries
INV1384,GRO596,Coffee Beans,5,05/20/2024,75.07,10031,Canada,Groceries
INV1385,CLO238,Jeans,4,05/20/2024,75.98,10086,Canada,Clothing
INV1386,GRO582,Green Tea,5,05/21/2024,128.98,10032,Australia,Groceries
INV1387,GRO372,Green Tea,3,05/21/2024,177.26,10066,USA,Groceries
INV1388,ELE264,Smartphone,5,05/21/2024,38.12,10017,Germany,Electronics
INV1389,CLO263,T-Shirt,3,05/22/2024,35.15,10024,Australia,Clothing
INV1390,CLO366,Pleated Skirt,5,05/22/2024,97.11,10094,Germany,Clothing
INV1391,ELE586,Smartphone,4,05/22/2024,20.97,10053,Canada,Electronics
INV1392,CLO623,Pleated Skirt,1,05/23/2024,190.33,10057,UK,Clothing
INV1393,ELE327,Bluetooth Speaker,3,05/23/2024,48.61,10066,Australia,Electronics
INV1394,GRO598,Olive Oil,2,05/23/2024,147.89,10045,Germany,Groceries
INV1395,ELE181,Smartphone,4,05/24/2024,167.23,10023,Canada,Electronics
INV1396,GRO262,Green Tea,1,05/24/2024,21.3,10031,Germany,Groceries
INV1397,CLO980,Women's Summer Dress,1,05/25/2024,179.69,10046,Australia,Clothing
INV1398,GRO542,Pasta,5,05/25/2024,106.98,10085,Germany,Groceries
INV1399,GRO579,Coffee Beans,5,05/25/2024,15.8,10022,Australia,Groceries
INV1400,ELE909,Bluetooth Speaker,5,05/26/2024,78.16,10065,UK,Electronics
INV1401,CLO795,Men's Shirt,1,05/26/2024,160.74,10026,Australia,Clothing
INV1402,GRO363,Coffee Beans,2,05/26/2024,167.41,10001,Australia,Groceries
INV1403,CLO124,Jeans,5,05/27/2024,150.69,10089,Germany,Clothing
INV1404,CLO287,T-Shirt,1,05/27/2024,155.56,10016,Canada,Clothing
INV1405,GRO802,Coffee Beans,1,05/27/2024,147.4,10032,Canada,Groceries
INV1406,ELE454,Smartphone,3,05/28/2024,130.1,10008,Germany,Electronics
INV1407,CLO144,Pleated Skirt,5,05/28/2024,29.18,10042,UK,Clothing
INV1408,CLO845,Pleated Skirt,4,05/29/2024,144.35,10047,Canada,Clothing
INV1409,ELE573,Bluetooth Speaker,5,05/29/2024,136.7,10038,Canada,Electronics
INV1410,ELE314,Smartphone,3,05/29/2024,14.19,10092,Germany,Electronics
INV1411,GRO332,Olive Oil,5,05/30/2024,16.4,10041,Australia,Groceries
INV1412,CLO412,Men's Shirt,1,05/30/2024,33.35,10025,USA,Clothing
INV1413,GRO109,Coffee Beans,4,05/30/2024,128.71,10098,Canada,Groceries
INV1414,ELE511,Bluetooth Speaker,4,05/31/2024,67.61,10049,Canada,Electronics
INV1415,CLO570,Men's Shirt,2,05/31/2024,86.27,10024,UK,Clothing
INV1416,ELE738,Bluetooth Speaker,3,05/31/2024,61.59,10023,USA,Electronics
INV1417,GRO340,Olive Oil,2,06-01-2024,158.77,10012,UK,Groceries
INV1418,ELE442,Wireless Mouse,2,06-01-2024,98.72,10059,Germany,Electronics
INV1419,CLO767,T-Shirt,3,06-02-2024,167.08,10006,Australia,Clothing
INV1420,GRO773,Olive Oil,4,06-02-2024,118.64,10056,UK,Groceries
INV1421,GRO240,Pasta,3,06-02-2024,182.89,10035,Canada,Groceries
INV1422,GRO500,Green Tea,2,06-03-2024,18.04,10044,Germany,Groceries
INV1423,CLO828,Jeans,2,06-03-2024,36.43,10019,Germany,Clothing
INV1424,CLO112,Men's Shirt,5,06-03-2024,193.55,10064,Canada,Clothing
INV1425,GRO551,Olive Oil,1,06-04-2024,66.63,10007,Germany,Groceries
INV1426,GRO751,Pasta,5,06-04-2024,19.16,10015,Germany,Groceries
INV1427,ELE652,Laptop Charger,3,06-05-2024,96.96,10013,UK,Electronics
INV1428,ELE335,Smartphone,1,06-05-2024,19.95,10075,USA,Electronics
INV1429,CLO840,Pleated Skirt,5,06-05-2024,89,10086,UK,Clothing
INV1430,CLO265,Women's Summer Dress,3,06-06-2024,148.79,10014,USA,Clothing
INV1431,CLO848,T-Shirt,2,06-06-2024,85,10091,Canada,Clothing
INV1432,ELE127,Smartphone,4,06-06-2024,19.92,10097,Canada,Electronics
INV1433,ELE455,Wireless Mouse,5,06-07-2024,64.61,10065,Australia,Electronics
INV1434,CLO148,Women's Summer Dress,2,06-07-2024,113.32,10031,Germany,Clothing
INV1435,ELE776,Headphones,2,06-07-2024,13.67,10086,Canada,Electronics
INV1436,ELE774,Bluetooth Speaker,1,06-08-2024,149.88,10062,USA,Electronics
INV1437,ELE635,Laptop Charger,5,06-08-2024,98.18,10085,Canada,Electronics
INV1438,ELE957,Laptop Charger,1,06-09-2024,69.25,10050,Canada,Electronics
INV1439,GRO203,Olive Oil,4,06-09-2024,195.44,10024,Australia,Groceries
INV1440,ELE781,Headphones,3,06-09-2024,82.69,10057,USA,Electronics
INV1441,ELE233,Headphones,5,06-10-2024,74.94,10062,UK,Electronics
INV1442,GRO924,Organic Honey,4,06-10-2024,10.26,10061,Australia,Groceries
INV1443,CLO746,Jeans,4,06-10-2024,170.94,10021,USA,Clothing
INV1444,GRO828,Olive Oil,5,06-11-2024,85.62,10057,Canada,Groceries
INV1445,GRO588,Green Tea,5,06-11-2024,56.85,10057,Canada,Groceries
INV1446,CLO570,Jeans,4,06-11-2024,20.99,10085,UK,Clothing
INV1447,CLO923,T-Shirt,4,06-12-2024,113.45,10048,Canada,Clothing
INV1448,ELE628,Wireless Mouse,3,06-12-2024,147.87,10051,UK,Electronics
INV1449,CLO124,Pleated Skirt,2,06/13/2024,69.88,10041,Australia,Clothing
INV1450,GRO792,Green Tea,4,06/13/2024,83.75,10069,Canada,Groceries
INV1451,GRO932,Pasta,1,06/13/2024,190.01,10014,Canada,Groceries
INV1452,CLO785,Women's Summer Dress,2,06/14/2024,141.12,10053,UK,Clothing
INV1453,CLO919,Jeans,1,06/14/2024,95.06,10059,USA,Clothing
INV1454,ELE837,Smartphone,5,06/14/2024,190.32,10096,Germany,Electronics
INV1455,ELE689,Bluetooth Speaker,2,06/15/2024,44.26,10007,Australia,Electronics
INV1456,ELE619,Headphones,4,06/15/2024,180.56,10052,Canada,Electronics
INV1457,CLO851,Women's Summer Dress,3,06/15/2024,160.7,10059,Australia,Clothing
INV1458,GRO591,Organic Honey,1,06/16/2024,47.42,10004,Australia,Groceries
INV1459,GRO545,Coffee Beans,1,06/16/2024,51.63,10067,Germany,Groceries
INV1460,CLO118,Pleated Skirt,2,06/17/2024,196.42,10005,Canada,Clothing
INV1461,GRO670,Green Tea,5,06/17/2024,189.3,10095,Australia,Groceries
INV1462,GRO947,Green Tea,2,06/17/2024,193.74,10093,Germany,Groceries
INV1463,ELE594,Laptop Charger,1,06/18/2024,97.06,10046,USA,Electronics
INV1464,GRO699,Organic Honey,2,06/18/2024,156.61,10098,Canada,Groceries
INV1465,CLO173,T-Shirt,4,06/18/2024,77.84,10054,Canada,Clothing
INV1466,ELE827,Smartphone,2,06/19/2024,71.12,10039,UK,Electronics
INV1467,GRO889,Pasta,5,06/19/2024,56.7,10051,Germany,Groceries
INV1468,GRO752,Organic Honey,5,06/19/2024,32.52,10015,USA,Groceries
INV1469,ELE645,Smartphone,3,06/20/2024,103.99,10012,USA,Electronics
INV1470,CLO934,Women's Summer Dress,4,06/20/2024,27.24,10029,Australia,Clothing
INV1471,GRO458,Olive Oil,3,06/21/2024,62.35,10018,USA,Groceries
INV1472,ELE215,Headphones,5,06/21/2024,117.17,10016,Australia,Electronics
INV1473,ELE213,Laptop Charger,1,06/21/2024,46.4,10062,Germany,Electronics
INV1474,GRO414,Coffee Beans,3,06/22/2024,152.84,10018,Germany,Groceries
INV1475,ELE500,Wireless Mouse,2,06/22/2024,139.11,10091,USA,Electronics
INV1476,CLO808,Jeans,3,06/22/2024,117.03,10057,Germany,Clothing
INV1477,GRO381,Organic Honey,3,06/23/2024,63.67,10054,Canada,Groceries
INV1478,GRO651,Coffee Beans,5,06/23/2024,89.7,10089,Canada,Groceries
INV1479,GRO183,Coffee Beans,2,06/24/2024,48.89,10089,Germany,Groceries
INV1480,CLO211,Men's Shirt,4,06/24/2024,130.85,10061,Australia,Clothing
INV1481,ELE520,Smartphone,1,06/24/2024,87.79,10022,Australia,Electronics
INV1482,GRO263,Green Tea,2,06/25/2024,157.04,10008,UK,Groceries
INV1483,GRO532,Coffee Beans,5,06/25/2024,63.67,10011,Germany,Groceries
INV1484,CLO929,T-Shirt,1,06/25/2024,10,10000,USA,Clothing
INV1485,ELE924,Headphones,2,06/26/2024,48.11,10057,Germany,Electronics
INV1486,CLO614,Jeans,3,06/26/2024,19.86,10000,Canada,Clothing
INV1487,ELE610,Smartphone,4,06/26/2024,150.96,10033,Germany,Electronics
INV1488,CLO405,Pleated Skirt,5,06/27/2024,145.4,10095,Australia,Clothing
INV1489,GRO481,Olive Oil,3,06/27/2024,199.91,10047,Canada,Groceries
INV1490,GRO409,Green Tea,5,06/28/2024,38.42,10088,Australia,Groceries
INV1491,GRO301,Coffee Beans,3,06/28/2024,61.11,10000,USA,Groceries
INV1492,CLO579,Men's Shirt,2,06/28/2024,101.55,10015,USA,Clothing
INV1493,GRO734,Olive Oil,5,06/29/2024,116.42,10060,USA,Groceries
INV1494,CLO662,Women's Summer Dress,4,06/29/2024,194.76,10063,UK,Clothing
INV1495,GRO297,Pasta,1,06/29/2024,33.19,10062,UK,Groceries
INV1496,GRO737,Green Tea,1,06/30/2024,62.07,10068,Australia,Groceries
INV1497,CLO172,T-Shirt,5,06/30/2024,50.54,10021,Canada,Clothing
INV1498,CLO436,Men's Shirt,1,06/30/2024,148.14,10092,Germany,Clothing
INV1499,GRO948,Olive Oil,3,07-01-2024,101.68,10066,Canada,Groceries
INV1500,ELE950,Wireless Mouse,3,07-01-2024,169.41,10075,UK,Electronics
INV1501,CLO800,Pleated Skirt,4,07-02-2024,116.21,10025,Germany,Clothing
INV1502,GRO267,Olive Oil,3,07-02-2024,91.62,10015,Germany,Groceries
INV1503,GRO339,Green Tea,3,07-02-2024,190.97,10050,Australia,Groceries
INV1504,GRO188,Coffee Beans,4,07-03-2024,138.66,10085,Canada,Groceries
INV1505,GRO475,Coffee Beans,3,07-03-2024,105.29,10056,Australia,Groceries
INV1506,ELE278,Smartphone,2,07-03-2024,57.03,10028,Canada,Electronics
INV1507,CLO111,Women's Summer Dress,5,07-04-2024,68.29,10077,Australia,Clothing
INV1508,CLO616,Women's Summer Dress,1,07-04-2024,176.82,10091,Germany,Clothing
INV1509,ELE132,Smartphone,2,07-04-2024,92.23,10068,Australia,Electronics
INV1510,ELE990,Headphones,2,07-05-2024,49.03,10046,Canada,Electronics
INV1511,CLO183,T-Shirt,3,07-05-2024,159.2,10093,Germany,Clothing
INV1512,CLO930,Pleated Skirt,2,07-06-2024,183.8,10061,UK,Clothing
INV1513,ELE301,Headphones,1,07-06-2024,29.59,10068,UK,Electronics
INV1514,CLO417,Jeans,1,07-06-2024,150.2,10075,UK,Clothing
INV1515,CLO830,Women's Summer Dress,1,07-07-2024,85.55,10015,Australia,Clothing
INV1516,GRO197,Coffee Beans,1,07-07-2024,150.63,10089,UK,Groceries
INV1517,ELE538,Bluetooth Speaker,3,07-07-2024,24.36,10089,Canada,Electronics
INV1518,GRO247,Olive Oil,4,07-08-2024,97.02,10047,Australia,Groceries
INV1519,GRO513,Coffee Beans,5,07-08-2024,12.87,10084,Australia,Groceries
INV1520,ELE877,Smartphone,1,07-08-2024,144.26,10038,USA,Electronics
INV1521,GRO158,Organic Honey,4,07-09-2024,10.38,10099,Canada,Groceries
INV1522,CLO253,Men's Shirt,1,07-09-2024,39.42,10032,Australia,Clothing
INV1523,ELE659,Smartphone,5,07-10-2024,48.5,10093,Canada,Electronics
INV1524,ELE383,Wireless Mouse,1,07-10-2024,12.93,10022,Canada,Electronics
INV1525,GRO236,Olive Oil,4,07-10-2024,188.53,10009,UK,Groceries
INV1526,CLO145,T-Shirt,2,07-11-2024,150.49,10068,USA,Clothing
INV1527,ELE894,Bluetooth Speaker,2,07-11-2024,27.6,10099,Australia,Electronics
INV1528,CLO466,Women's Summer Dress,4,07-11-2024,92.54,10033,USA,Clothing
INV1529,GRO347,Coffee Beans,4,07-12-2024,126.53,10051,USA,Groceries
INV1530,CLO311,Pleated Skirt,5,07-12-2024,27.36,10094,USA,Clothing
INV1531,CLO146,Jeans,1,07/13/2024,50.74,10009,Germany,Clothing
INV1532,GRO395,Coffee Beans,3,07/13/2024,97.2,10018,Australia,Groceries
INV1533,ELE260,Bluetooth Speaker,3,07/13/2024,123.01,10057,UK,Electronics
INV1534,ELE263,Smartphone,3,07/14/2024,63.83,10095,Australia,Electronics
INV1535,ELE987,Wireless Mouse,3,07/14/2024,109.08,10000,Australia,Electronics
INV1536,ELE820,Bluetooth Speaker,1,07/14/2024,49.18,10068,Australia,Electronics
INV1537,CLO895,Women's Summer Dress,1,07/15/2024,180.12,10003,USA,Clothing
INV1538,ELE952,Smartphone,2,07/15/2024,129.75,10015,Australia,Electronics
INV1539,GRO841,Organic Honey,2,07/15/2024,104.89,10023,UK,Groceries
INV1540,GRO434,Green Tea,4,07/16/2024,89.68,10079,Australia,Groceries
INV1541,ELE304,Wireless Mouse,4,07/16/2024,122.14,10001,Germany,Electronics
INV1542,GRO306,Organic Honey,1,07/17/2024,155.24,10091,UK,Groceries
INV1543,CLO713,Women's Summer Dress,5,07/17/2024,40.49,10031,Germany,Clothing
INV1544,CLO959,Pleated Skirt,5,07/17/2024,151.89,10090,Australia,Clothing
INV1545,CLO694,Jeans,3,07/18/2024,163.11,10083,USA,Clothing
INV1546,GRO634,Coffee Beans,1,07/18/2024,77.81,10023,UK,Groceries
INV1547,CLO410,T-Shirt,5,07/18/2024,72.08,10011,UK,Clothing
INV1548,CLO413,Pleated Skirt,1,07/19/2024,70.54,10049,Germany,Clothing
INV1549,CLO208,Men's Shirt,3,07/19/2024,76.29,10034,USA,Clothing
INV1550,ELE525,Headphones,1,07/19/2024,75.51,10032,Australia,Electronics
INV1551,ELE994,Wireless Mouse,1,07/20/2024,40.47,10032,Germany,Electronics
INV1552,GRO771,Green Tea,4,07/20/2024,53.62,10060,Germany,Groceries
INV1553,CLO549,T-Shirt,5,07/21/2024,149.16,10050,UK,Clothing
INV1554,ELE513,Wireless Mouse,1,07/21/2024,88.7,10042,UK,Electronics
INV1555,GRO749,Coffee Beans,4,07/21/2024,120.61,10011,UK,Groceries
INV1556,CLO639,Pleated Skirt,3,07/22/2024,56.62,10066,Australia,Clothing
INV1557,ELE763,Laptop Charger,3,07/22/2024,115.81,10064,USA,Electronics
INV1558,ELE118,Wireless Mouse,3,07/22/2024,142.32,10032,UK,Electronics
INV1559,CLO453,T-Shirt,3,07/23/2024,113.87,10039,USA,Clothing
INV1560,ELE338,Headphones,5,07/23/2024,142.36,10073,Germany,Electronics
INV1561,CLO394,T-Shirt,2,07/23/2024,107.33,10042,Germany,Clothing
INV1562,CLO404,Pleated Skirt,3,07/24/2024,48.82,10043,USA,Clothing
INV1563,GRO292,Green Tea,1,07/24/2024,126.15,10028,Australia,Groceries
INV1564,CLO864,Men's Shirt,3,07/25/2024,116.53,10012,Germany,Clothing
INV1565,GRO479,Coffee Beans,1,07/25/2024,148.95,10011,USA,Groceries
INV1566,CLO604,T-Shirt,1,07/25/2024,102.17,10094,Australia,Clothing
INV1567,ELE298,Wireless Mouse,5,07/26/2024,44.85,10045,UK,Electronics
INV1568,CLO882,T-Shirt,3,07/26/2024,12.54,10001,USA,Clothing
INV1569,ELE483,Smartphone,2,07/26/2024,22.72,10034,Canada,Electronics
INV1570,GRO971,Olive Oil,4,07/27/2024,171.11,10086,Canada,Groceries
INV1571,CLO784,Women's Summer Dress,2,07/27/2024,81.34,10080,Germany,Clothing
INV1572,ELE320,Laptop Charger,3,07/27/2024,18.14,10089,Australia,Electronics
INV1573,GRO793,Pasta,3,07/28/2024,144.26,10007,Canada,Groceries
INV1574,GRO983,Organic Honey,3,07/28/2024,134.78,10092,Australia,Groceries
INV1575,GRO997,Pasta,1,07/29/2024,80.92,10025,Canada,Groceries
INV1576,ELE603,Headphones,1,07/29/2024,120.39,10073,USA,Electronics
INV1577,ELE968,Bluetooth Speaker,5,07/29/2024,76.54,10089,UK,Electronics
INV1578,CLO584,Men's Shirt,3,07/30/2024,127.89,10033,Germany,Clothing
INV1579,GRO364,Organic Honey,4,07/30/2024,84.24,10006,UK,Groceries
INV1580,CLO888,Men's Shirt,2,07/30/2024,178.93,10067,Germany,Clothing
INV1581,CLO943,Pleated Skirt,2,07/31/2024,88.84,10057,Australia,Clothing
INV1582,ELE924,Smartphone,5,07/31/2024,50.83,10074,Canada,Electronics
INV1583,ELE494,Laptop Charger,1,08-01-2024,121.09,10028,UK,Electronics
INV1584,GRO890,Coffee Beans,2,08-01-2024,192.11,10035,USA,Groceries
INV1585,ELE338,Wireless Mouse,3,08-01-2024,188.42,10088,Germany,Electronics
INV1586,CLO255,T-Shirt,5,08-02-2024,141.98,10020,Germany,Clothing
INV1587,GRO889,Organic Honey,2,08-02-2024,135.77,10035,Canada,Groceries
INV1588,GRO968,Organic Honey,4,08-02-2024,79.99,10009,Canada,Groceries
INV1589,CLO674,T-Shirt,5,08-03-2024,177.05,10072,Australia,Clothing
INV1590,GRO927,Green Tea,2,08-03-2024,158.92,10023,USA,Groceries
INV1591,ELE603,Smartphone,5,08-03-2024,92.92,10063,Germany,Electronics
INV1592,ELE357,Bluetooth Speaker,3,08-04-2024,164.42,10098,Germany,Electronics
INV1593,ELE375,Smartphone,4,08-04-2024,72.06,10048,Australia,Electronics
INV1594,CLO550,Pleated Skirt,5,08-05-2024,98.51,10098,Germany,Clothing
INV1595,CLO902,Women's Summer Dress,4,08-05-2024,179.43,10035,Germany,Clothing
INV1596,GRO607,Pasta,5,08-05-2024,54.08,10081,UK,Groceries
INV1597,CLO794,Jeans,3,08-06-2024,11.02,10095,Australia,Clothing
INV1598,CLO224,T-Shirt,2,08-06-2024,84.21,10023,Canada,Clothing
INV1599,CLO482,T-Shirt,3,08-06-2024,94.04,10022,UK,Clothing
INV1600,CLO764,Men's Shirt,4,08-07-2024,118.2,10061,Australia,Clothing
INV1601,ELE794,Bluetooth Speaker,4,08-07-2024,110.26,10095,Australia,Electronics
INV1602,CLO760,Men's Shirt,4,08-07-2024,103.89,10036,USA,Clothing
INV1603,ELE777,Laptop Charger,1,08-08-2024,105.76,10011,Australia,Electronics
INV1604,CLO254,Pleated Skirt,2,08-08-2024,30.91,10054,Australia,Clothing
INV1605,CLO744,Jeans,1,08-09-2024,132.41,10012,USA,Clothing
INV1606,CLO950,Pleated Skirt,1,08-09-2024,130.83,10022,Canada,Clothing
INV1607,CLO505,Jeans,2,08-09-2024,136.87,10088,Germany,Clothing
INV1608,ELE503,Bluetooth Speaker,2,08-10-2024,158.03,10098,Australia,Electronics
INV1609,GRO395,Organic Honey,4,08-10-2024,192.57,10029,Australia,Groceries
INV1610,ELE933,Headphones,5,08-10-2024,168.42,10016,UK,Electronics
INV1611,ELE686,Bluetooth Speaker,4,08-11-2024,77.44,10061,Canada,Electronics
INV1612,CLO820,Pleated Skirt,4,08-11-2024,177.38,10083,Australia,Clothing
INV1613,GRO338,Green Tea,3,08-11-2024,150.11,10088,USA,Groceries
INV1614,GRO311,Pasta,5,08-12-2024,180.5,10085,USA,Groceries
INV1615,GRO833,Green Tea,4,08-12-2024,76.03,10012,Germany,Groceries
INV1616,GRO884,Organic Honey,2,08/13/2024,188.21,10058,Australia,Groceries
INV1617,ELE197,Smartphone,2,08/13/2024,89.08,10018,UK,Electronics
INV1618,ELE375,Smartphone,2,08/13/2024,61.03,10048,UK,Electronics
INV1619,GRO183,Green Tea,3,08/14/2024,197.21,10099,USA,Groceries
INV1620,GRO209,Pasta,5,08/14/2024,54.18,10011,Canada,Groceries
INV1621,ELE148,Laptop Charger,4,08/14/2024,138.06,10060,Canada,Electronics
INV1622,CLO185,Pleated Skirt,4,08/15/2024,37.92,10018,UK,Clothing
INV1623,GRO401,Pasta,5,08/15/2024,100.91,10075,UK,Groceries
INV1624,ELE211,Smartphone,4,08/15/2024,102.69,10008,USA,Electronics
INV1625,CLO924,Pleated Skirt,2,08/16/2024,63.56,10070,UK,Clothing
INV1626,CLO188,T-Shirt,2,08/16/2024,136.77,10027,USA,Clothing
INV1627,GRO370,Coffee Beans,5,08/17/2024,198,10077,USA,Groceries
INV1628,ELE181,Smartphone,5,08/17/2024,150.91,10094,Canada,Electronics
INV1629,ELE543,Smartphone,1,08/17/2024,173.36,10051,UK,Electronics
INV1630,GRO286,Organic Honey,1,08/18/2024,107.63,10082,Germany,Groceries
INV1631,CLO328,Women's Summer Dress,3,08/18/2024,149.89,10015,Canada,Clothing
INV1632,ELE650,Laptop Charger,1,08/18/2024,150.9,10068,Australia,Electronics
INV1633,ELE152,Laptop Charger,3,08/19/2024,51.55,10098,Germany,Electronics
INV1634,ELE819,Bluetooth Speaker,5,08/19/2024,119.56,10011,USA,Electronics
INV1635,ELE486,Smartphone,3,08/20/2024,74.12,10024,Australia,Electronics
INV1636,GRO354,Green Tea,5,08/20/2024,43.27,10051,USA,Groceries
INV1637,GRO386,Olive Oil,5,08/20/2024,176.07,10084,Canada,Groceries
INV1638,CLO738,T-Shirt,2,08/21/2024,160.59,10099,Canada,Clothing
INV1639,CLO580,Women's Summer Dress,1,08/21/2024,76.73,10052,USA,Clothing
INV1640,ELE830,Bluetooth Speaker,5,08/21/2024,189.49,10022,Australia,Electronics
INV1641,ELE880,Smartphone,5,08/22/2024,98.6,10015,USA,Electronics
INV1642,CLO857,Pleated Skirt,2,08/22/2024,107.46,10056,Germany,Clothing
INV1643,ELE337,Headphones,2,08/22/2024,42.43,10038,Germany,Electronics
INV1644,ELE723,Headphones,1,08/23/2024,107.01,10052,Canada,Electronics
INV1645,GRO279,Olive Oil,2,08/23/2024,156.98,10041,Germany,Groceries
INV1646,GRO516,Organic Honey,1,08/24/2024,93.25,10057,USA,Groceries
INV1647,GRO197,Pasta,1,08/24/2024,73.84,10038,Canada,Groceries
INV1648,CLO171,T-Shirt,3,08/24/2024,42.96,10013,USA,Clothing
INV1649,GRO801,Coffee Beans,3,08/25/2024,152.65,10094,Australia,Groceries
INV1650,GRO580,Olive Oil,2,08/25/2024,138.7,10004,Germany,Groceries
INV1651,GRO713,Coffee Beans,5,08/25/2024,152.39,10034,Australia,Groceries
INV1652,ELE326,Wireless Mouse,3,08/26/2024,75.57,10086,USA,Electronics
INV1653,CLO549,Men's Shirt,3,08/26/2024,131.05,10092,Australia,Clothing
INV1654,CLO283,Men's Shirt,4,08/26/2024,171.14,10074,Germany,Clothing
INV1655,GRO679,Organic Honey,2,08/27/2024,183.46,10017,Canada,Groceries
INV1656,ELE407,Headphones,2,08/27/2024,146.05,10075,USA,Electronics
INV1657,GRO593,Organic Honey,3,08/28/2024,69.26,10008,Australia,Groceries
INV1658,ELE895,Smartphone,1,08/28/2024,26.91,10073,USA,Electronics
INV1659,GRO571,Organic Honey,2,08/28/2024,186.44,10057,Canada,Groceries
INV1660,GRO466,Olive Oil,4,08/29/2024,61.86,10016,Germany,Groceries
INV1661,CLO678,Pleated Skirt,2,08/29/2024,10.96,10006,UK,Clothing
INV1662,CLO459,Pleated Skirt,2,08/29/2024,43.67,10045,Germany,Clothing
INV1663,GRO382,Coffee Beans,1,08/30/2024,11.31,10012,Canada,Groceries
INV1664,CLO655,T-Shirt,2,08/30/2024,146.25,10039,UK,Clothing
INV1665,GRO186,Organic Honey,1,08/30/2024,93.61,10041,UK,Groceries
INV1666,ELE477,Smartphone,5,08/31/2024,91.69,10008,USA,Electronics
INV1667,ELE545,Headphones,5,08/31/2024,110.98,10049,Germany,Electronics
INV1668,GRO349,Coffee Beans,4,09-01-2024,149.44,10026,USA,Groceries
INV1669,CLO989,Women's Summer Dress,5,09-01-2024,77.48,10065,Australia,Clothing
INV1670,GRO190,Organic Honey,2,09-01-2024,30.11,10004,Australia,Groceries
INV1671,ELE651,Smartphone,2,09-02-2024,116.51,10028,Canada,Electronics
INV1672,CLO672,Men's Shirt,5,09-02-2024,28.76,10036,Germany,Clothing
INV1673,GRO155,Green Tea,3,09-02-2024,196.31,10037,Germany,Groceries
INV1674,CLO670,Women's Summer Dress,2,09-03-2024,150.38,10082,Canada,Clothing
INV1675,GRO207,Pasta,4,09-03-2024,175.89,10007,Germany,Groceries
INV1676,GRO992,Green Tea,4,09-03-2024,196.88,10064,USA,Groceries
INV1677,GRO795,Coffee Beans,2,09-04-2024,19.57,10085,Canada,Groceries
INV1678,CLO996,Jeans,5,09-04-2024,126.65,10016,USA,Clothing
INV1679,CLO793,Pleated Skirt,2,09-05-2024,166.47,10070,USA,Clothing
INV1680,ELE307,Smartphone,1,09-05-2024,72.35,10088,UK,Electronics
INV1681,CLO265,Women's Summer Dress,1,09-05-2024,78.08,10044,Germany,Clothing
INV1682,ELE465,Smartphone,5,09-06-2024,119.53,10003,Germany,Electronics
INV1683,GRO852,Green Tea,5,09-06-2024,48.81,10035,Canada,Groceries
INV1684,ELE669,Headphones,1,09-06-2024,89.94,10069,UK,Electronics
INV1685,ELE631,Headphones,3,09-07-2024,134.72,10030,UK,Electronics
INV1686,CLO625,Women's Summer Dress,5,09-07-2024,52.56,10018,Canada,Clothing
INV1687,GRO674,Pasta,3,09-08-2024,18.37,10060,Australia,Groceries
INV1688,CLO711,Men's Shirt,3,09-08-2024,86.61,10053,Canada,Clothing
INV1689,CLO244,T-Shirt,3,09-08-2024,192.83,10038,Australia,Clothing
INV1690,CLO227,Pleated Skirt,5,09-09-2024,23.32,10090,Canada,Clothing
INV1691,GRO289,Organic Honey,4,09-09-2024,89.64,10073,Canada,Groceries
INV1692,CLO386,Pleated Skirt,3,09-09-2024,53.96,10089,Australia,Clothing
INV1693,GRO586,Olive Oil,5,09-10-2024,168.93,10018,Canada,Groceries
INV1694,GRO224,Coffee Beans,1,09-10-2024,64.28,10038,UK,Groceries
INV1695,ELE981,Bluetooth Speaker,5,09-10-2024,158.38,10066,Canada,Electronics
INV1696,ELE481,Smartphone,5,09-11-2024,135.03,10044,UK,Electronics
INV1697,CLO103,Jeans,5,09-11-2024,183.86,10012,UK,Clothing
INV1698,ELE707,Bluetooth Speaker,1,09-12-2024,68.61,10091,Canada,Electronics
INV1699,ELE546,Smartphone,3,09-12-2024,167.41,10057,Australia,Electronics
INV1700,CLO551,Jeans,1,09-12-2024,148.39,10019,Germany,Clothing
INV1701,ELE633,Smartphone,1,09/13/2024,86.04,10091,Australia,Electronics
INV1702,CLO614,Men's Shirt,1,09/13/2024,124.67,10071,USA,Clothing
INV1703,ELE350,Wireless Mouse,1,09/13/2024,47.64,10060,UK,Electronics
INV1704,GRO274,Green Tea,5,09/14/2024,68.37,10038,USA,Groceries
INV1705,ELE347,Headphones,1,09/14/2024,161.47,10000,UK,Electronics
INV1706,CLO705,Pleated Skirt,1,09/14/2024,19.95,10002,Australia,Clothing
INV1707,ELE198,Bluetooth Speaker,3,09/15/2024,14.5,10076,Germany,Electronics
INV1708,ELE602,Headphones,1,09/15/2024,53.98,10091,UK,Electronics
INV1709,CLO153,Pleated Skirt,3,09/16/2024,17.48,10061,USA,Clothing
INV1710,GRO582,Coffee Beans,5,09/16/2024,148.92,10062,USA,Groceries
INV1711,GRO175,Coffee Beans,4,09/16/2024,85.56,10024,UK,Groceries
INV1712,ELE382,Smartphone,4,09/17/2024,90.96,10055,Australia,Electronics
INV1713,CLO564,T-Shirt,4,09/17/2024,165.29,10032,Germany,Clothing
INV1714,ELE895,Laptop Charger,5,09/17/2024,129.03,10037,Germany,Electronics
INV1715,ELE170,Bluetooth Speaker,5,09/18/2024,175.42,10005,Germany,Electronics
INV1716,CLO294,T-Shirt,4,09/18/2024,141.82,10057,Canada,Clothing
INV1717,GRO717,Green Tea,5,09/18/2024,163.03,10043,Australia,Groceries
INV1718,GRO384,Organic Honey,4,09/19/2024,149.44,10044,Canada,Groceries
INV1719,ELE967,Bluetooth Speaker,5,09/19/2024,74.13,10031,UK,Electronics
INV1720,CLO929,Men's Shirt,5,09/20/2024,75.52,10044,Canada,Clothing
INV1721,GRO940,Organic Honey,3,09/20/2024,88.15,10060,Canada,Groceries
INV1722,GRO247,Olive Oil,1,09/20/2024,113.66,10046,UK,Groceries
INV1723,ELE954,Headphones,3,09/21/2024,78.49,10020,UK,Electronics
INV1724,CLO901,Jeans,5,09/21/2024,198.59,10079,UK,Clothing
INV1725,GRO246,Organic Honey,2,09/21/2024,160.83,10084,Australia,Groceries
INV1726,CLO288,T-Shirt,3,09/22/2024,197.18,10074,UK,Clothing
INV1727,GRO237,Organic Honey,2,09/22/2024,127.57,10035,USA,Groceries
INV1728,ELE206,Headphones,1,09/22/2024,34.54,10098,Germany,Electronics
INV1729,GRO978,Coffee Beans,2,09/23/2024,58.18,10018,USA,Groceries
INV1730,CLO447,Men's Shirt,1,09/23/2024,133.9,10019,Germany,Clothing
INV1731,ELE717,Bluetooth Speaker,4,09/24/2024,29.54,10056,UK,Electronics
INV1732,GRO270,Coffee Beans,3,09/24/2024,170.91,10017,Canada,Groceries
INV1733,GRO894,Coffee Beans,1,09/24/2024,189.35,10046,USA,Groceries
INV1734,ELE793,Laptop Charger,4,09/25/2024,62.43,10048,USA,Electronics
INV1735,CLO543,Pleated Skirt,2,09/25/2024,54.33,10013,Germany,Clothing
INV1736,CLO402,Pleated Skirt,5,09/25/2024,133.58,10014,Germany,Clothing
INV1737,ELE567,Wireless Mouse,2,09/26/2024,18.55,10030,USA,Electronics
INV1738,ELE700,Bluetooth Speaker,2,09/26/2024,88.16,10000,USA,Electronics
INV1739,ELE621,Wireless Mouse,1,09/27/2024,59.13,10053,Canada,Electronics
INV1740,GRO677,Organic Honey,1,09/27/2024,137.84,10002,Canada,Groceries
INV1741,ELE485,Smartphone,1,09/27/2024,193.41,10015,Germany,Electronics
INV1742,GRO712,Organic Honey,4,09/28/2024,41.52,10086,Germany,Groceries
INV1743,ELE757,Headphones,2,09/28/2024,184.28,10056,Canada,Electronics
INV1744,ELE784,Laptop Charger,4,09/28/2024,148.1,10074,Germany,Electronics
INV1745,CLO263,Women's Summer Dress,4,09/29/2024,189.73,10011,Australia,Clothing
INV1746,GRO222,Green Tea,3,09/29/2024,185.61,10073,Germany,Groceries
INV1747,GRO436,Organic Honey,5,09/29/2024,169.08,10095,Germany,Groceries
INV1748,GRO500,Organic Honey,1,09/30/2024,97.53,10015,Canada,Groceries
INV1749,ELE208,Headphones,3,09/30/2024,86.39,10071,Australia,Electronics
INV1750,ELE964,Smartphone,5,10-01-2024,145.31,10075,USA,Electronics
INV1751,GRO350,Green Tea,4,10-01-2024,117.49,10023,USA,Groceries
INV1752,CLO706,Women's Summer Dress,2,10-01-2024,125.36,10027,Canada,Clothing
INV1753,GRO171,Olive Oil,1,10-02-2024,69.83,10007,Australia,Groceries
INV1754,GRO153,Pasta,2,10-02-2024,22.5,10091,Canada,Groceries
INV1755,ELE292,Smartphone,2,10-02-2024,100.53,10035,USA,Electronics
INV1756,CLO951,Pleated Skirt,5,10-03-2024,141.98,10089,USA,Clothing
INV1757,GRO774,Organic Honey,5,10-03-2024,119.91,10007,Canada,Groceries
INV1758,CLO172,Jeans,4,10-03-2024,90.93,10057,Australia,Clothing
INV1759,ELE784,Smartphone,3,10-04-2024,45.46,10059,Canada,Electronics
INV1760,CLO151,Jeans,5,10-04-2024,161.34,10049,Australia,Clothing
INV1761,GRO299,Organic Honey,2,10-05-2024,109.48,10027,Australia,Groceries
INV1762,ELE176,Smartphone,4,10-05-2024,156.59,10091,Australia,Electronics
INV1763,GRO879,Pasta,3,10-05-2024,131.18,10040,Australia,Groceries
INV1764,GRO526,Coffee Beans,3,10-06-2024,140.97,10099,Canada,Groceries
INV1765,ELE319,Wireless Mouse,1,10-06-2024,195.64,10063,Australia,Electronics
INV1766,ELE458,Smartphone,5,10-06-2024,199.35,10026,Canada,Electronics
INV1767,ELE662,Laptop Charger,5,10-07-2024,110.65,10062,Germany,Electronics
INV1768,CLO700,T-Shirt,5,10-07-2024,143.4,10016,USA,Clothing
INV1769,ELE174,Laptop Charger,1,10-07-2024,138.46,10072,UK,Electronics
INV1770,GRO537,Organic Honey,1,10-08-2024,57.67,10032,UK,Groceries
INV1771,GRO637,Olive Oil,1,10-08-2024,21.79,10083,Australia,Groceries
INV1772,CLO881,Jeans,3,10-09-2024,135.04,10076,USA,Clothing
INV1773,GRO192,Organic Honey,5,10-09-2024,31.88,10091,USA,Groceries
INV1774,GRO606,Coffee Beans,5,10-09-2024,93.99,10028,Canada,Groceries
INV1775,ELE589,Wireless Mouse,1,10-10-2024,191.37,10012,USA,Electronics
INV1776,ELE540,Bluetooth Speaker,5,10-10-2024,31.13,10045,Australia,Electronics
INV1777,CLO847,Women's Summer Dress,5,10-10-2024,138.37,10034,Canada,Clothing
INV1778,CLO526,Jeans,2,10-11-2024,50.83,10005,UK,Clothing
INV1779,CLO390,T-Shirt,5,10-11-2024,58.31,10081,Canada,Clothing
INV1780,ELE734,Laptop Charger,3,10-11-2024,117.51,10068,USA,Electronics
INV1781,ELE607,Laptop Charger,5,10-12-2024,37.26,10046,Australia,Electronics
INV1782,GRO520,Organic Honey,1,10-12-2024,109.5,10024,UK,Groceries
INV1783,GRO743,Olive Oil,3,10/13/2024,160.37,10065,Canada,Groceries
INV1784,ELE629,Laptop Charger,2,10/13/2024,62.64,10009,Germany,Electronics
INV1785,CLO957,Pleated Skirt,2,10/13/2024,43.66,10055,Canada,Clothing
INV1786,ELE200,Smartphone,2,10/14/2024,120.32,10029,Germany,Electronics
INV1787,ELE132,Wireless Mouse,2,10/14/2024,163.84,10004,Australia,Electronics
INV1788,GRO345,Olive Oil,5,10/14/2024,12.45,10032,Germany,Groceries
INV1789,CLO801,Men's Shirt,5,10/15/2024,93.57,10064,Canada,Clothing
INV1790,GRO271,Green Tea,2,10/15/2024,123.9,10017,Australia,Groceries
INV1791,ELE521,Laptop Charger,5,10/16/2024,182.05,10095,Canada,Electronics
INV1792,GRO622,Coffee Beans,4,10/16/2024,47.89,10048,Canada,Groceries
INV1793,CLO704,Pleated Skirt,2,10/16/2024,166.93,10010,UK,Clothing
INV1794,CLO184,Women's Summer Dress,3,10/17/2024,192.01,10084,Canada,Clothing
INV1795,GRO364,Olive Oil,2,10/17/2024,45.12,10025,Germany,Groceries
INV1796,GRO653,Green Tea,5,10/17/2024,109.45,10062,UK,Groceries
INV1797,GRO882,Coffee Beans,5,10/18/2024,12.34,10088,Australia,Groceries
INV1798,GRO447,Coffee Beans,5,10/18/2024,83.47,10085,Canada,Groceries
INV1799,GRO448,Green Tea,3,10/18/2024,177.88,10058,UK,Groceries
INV1800,GRO790,Organic Honey,5,10/19/2024,14.9,10026,Germany,Groceries
INV1801,GRO927,Olive Oil,5,10/19/2024,31.57,10048,UK,Groceries
INV1802,CLO527,Women's Summer Dress,1,10/20/2024,72.77,10076,USA,Clothing
INV1803,CLO111,Pleated Skirt,1,10/20/2024,34.12,10032,UK,Clothing
INV1804,ELE519,Wireless Mouse,1,10/20/2024,21.23,10097,Germany,Electronics
INV1805,GRO629,Olive Oil,5,10/21/2024,27.32,10098,Canada,Groceries
INV1806,ELE543,Smartphone,1,10/21/2024,20.53,10000,Australia,Electronics
INV1807,GRO331,Olive Oil,4,10/21/2024,120.13,10020,Canada,Groceries
INV1808,ELE422,Wireless Mouse,2,10/22/2024,123.88,10054,Germany,Electronics
INV1809,CLO636,T-Shirt,4,10/22/2024,44.02,10005,UK,Clothing
INV1810,ELE912,Bluetooth Speaker,2,10/22/2024,73.08,10091,Canada,Electronics
INV1811,GRO213,Green Tea,1,10/23/2024,133.02,10080,Australia,Groceries
INV1812,GRO637,Green Tea,5,10/23/2024,52.68,10068,USA,Groceries
INV1813,CLO986,Men's Shirt,3,10/24/2024,73.5,10094,Canada,Clothing
INV1814,GRO639,Olive Oil,3,10/24/2024,22.91,10004,USA,Groceries
INV1815,CLO710,Pleated Skirt,2,10/24/2024,133.93,10002,Germany,Clothing
INV1816,ELE409,Laptop Charger,4,10/25/2024,138.34,10052,Canada,Electronics
INV1817,CLO538,Jeans,5,10/25/2024,92.47,10022,Germany,Clothing
INV1818,CLO164,Women's Summer Dress,3,10/25/2024,137.15,10052,Australia,Clothing
INV1819,GRO590,Green Tea,2,10/26/2024,119.36,10036,USA,Groceries
INV1820,CLO714,Women's Summer Dress,3,10/26/2024,118.35,10073,UK,Clothing
INV1821,GRO781,Pasta,2,10/26/2024,18.23,10073,Australia,Groceries
INV1822,ELE748,Smartphone,5,10/27/2024,117.8,10082,Germany,Electronics
INV1823,ELE688,Headphones,1,10/27/2024,35.3,10016,Germany,Electronics
INV1824,ELE703,Headphones,1,10/28/2024,141.86,10084,UK,Electronics
INV1825,CLO597,Pleated Skirt,1,10/28/2024,104.29,10077,USA,Clothing
INV1826,CLO174,T-Shirt,2,10/28/2024,188.88,10072,Germany,Clothing
INV1827,GRO763,Olive Oil,3,10/29/2024,128.88,10000,USA,Groceries
INV1828,CLO134,T-Shirt,1,10/29/2024,47.3,10050,Germany,Clothing
INV1829,CLO225,Jeans,3,10/29/2024,121.74,10044,UK,Clothing
INV1830,CLO822,Men's Shirt,1,10/30/2024,152.47,10076,Australia,Clothing
INV1831,CLO141,Women's Summer Dress,3,10/30/2024,41.28,10003,Canada,Clothing
INV1832,GRO645,Coffee Beans,1,10/30/2024,115.48,10061,Germany,Groceries
INV1833,ELE147,Wireless Mouse,3,10/31/2024,26.68,10064,UK,Electronics
INV1834,ELE855,Wireless Mouse,2,10/31/2024,63.82,10031,Canada,Electronics
INV1835,CLO578,Women's Summer Dress,4,11-01-2024,133.38,10033,USA,Clothing
INV1836,CLO253,Women's Summer Dress,4,11-01-2024,60.54,10091,Australia,Clothing
INV1837,CLO168,Jeans,5,11-01-2024,117.27,10094,UK,Clothing
INV1838,GRO704,Coffee Beans,5,11-02-2024,13.6,10071,Germany,Groceries
INV1839,ELE194,Headphones,1,11-02-2024,177.15,10038,USA,Electronics
INV1840,ELE366,Headphones,3,11-02-2024,181.61,10025,UK,Electronics
INV1841,CLO475,Jeans,5,11-03-2024,138.23,10033,UK,Clothing
INV1842,CLO298,Jeans,2,11-03-2024,139.29,10053,Canada,Clothing
INV1843,GRO250,Green Tea,5,11-04-2024,67.64,10002,Australia,Groceries
INV1844,CLO898,Women's Summer Dress,2,11-04-2024,72.43,10049,USA,Clothing
INV1845,CLO764,Pleated Skirt,5,11-04-2024,91.35,10011,Canada,Clothing
INV1846,ELE797,Smartphone,3,11-05-2024,91.22,10064,Canada,Electronics
INV1847,CLO825,Men's Shirt,3,11-05-2024,11.29,10053,USA,Clothing
INV1848,GRO591,Olive Oil,3,11-05-2024,170.76,10004,USA,Groceries
INV1849,GRO618,Organic Honey,3,11-06-2024,159.71,10093,Australia,Groceries
INV1850,ELE691,Laptop Charger,4,11-06-2024,102.27,10093,USA,Electronics
INV1851,GRO106,Green Tea,3,11-06-2024,159.17,10056,Canada,Groceries
INV1852,CLO314,Pleated Skirt,5,11-07-2024,72.35,10016,USA,Clothing
INV1853,ELE637,Smartphone,3,11-07-2024,68.15,10046,Canada,Electronics
INV1854,GRO265,Pasta,5,11-08-2024,36.09,10022,UK,Groceries
INV1855,CLO427,Men's Shirt,3,11-08-2024,189.69,10078,Australia,Clothing
INV1856,GRO720,Olive Oil,1,11-08-2024,123.59,10084,Canada,Groceries
INV1857,GRO486,Pasta,5,11-09-2024,20.19,10013,Australia,Groceries
INV1858,CLO563,Men's Shirt,4,11-09-2024,46.96,10065,Australia,Clothing
INV1859,GRO984,Coffee Beans,1,11-09-2024,45.95,10074,Canada,Groceries
INV1860,CLO798,Women's Summer Dress,1,11-10-2024,97.57,10050,Germany,Clothing
INV1861,GRO786,Organic Honey,3,11-10-2024,169.38,10037,Germany,Groceries
INV1862,CLO991,Women's Summer Dress,4,11-10-2024,31.39,10063,UK,Clothing
INV1863,ELE434,Bluetooth Speaker,3,11-11-2024,139.04,10097,Canada,Electronics
INV1864,GRO801,Pasta,5,11-11-2024,66.67,10037,Germany,Groceries
INV1865,ELE852,Laptop Charger,5,11-12-2024,195.4,10049,Canada,Electronics
INV1866,ELE448,Wireless Mouse,2,11-12-2024,41.82,10097,Germany,Electronics
INV1867,GRO649,Green Tea,3,11-12-2024,57.49,10081,USA,Groceries
INV1868,CLO667,Women's Summer Dress,5,11/13/2024,98.92,10029,Germany,Clothing
INV1869,CLO584,Men's Shirt,2,11/13/2024,133.26,10078,USA,Clothing
INV1870,GRO947,Olive Oil,2,11/13/2024,18.75,10090,Canada,Groceries
INV1871,CLO961,Pleated Skirt,1,11/14/2024,199.19,10050,Germany,Clothing
INV1872,CLO547,Jeans,3,11/14/2024,20.4,10062,USA,Clothing
INV1873,CLO796,Pleated Skirt,2,11/14/2024,10.04,10097,Canada,Clothing
INV1874,ELE538,Bluetooth Speaker,5,11/15/2024,32.87,10051,USA,Electronics
INV1875,ELE994,Wireless Mouse,1,11/15/2024,144.06,10037,Canada,Electronics
INV1876,CLO382,Pleated Skirt,3,11/16/2024,151.37,10096,USA,Clothing
INV1877,ELE538,Wireless Mouse,4,11/16/2024,184.39,10087,UK,Electronics
INV1878,GRO973,Coffee Beans,1,11/16/2024,84.44,10078,UK,Groceries
INV1879,ELE212,Headphones,5,11/17/2024,140.44,10029,Germany,Electronics
INV1880,ELE178,Wireless Mouse,2,11/17/2024,174.55,10050,Australia,Electronics
INV1881,ELE965,Bluetooth Speaker,2,11/17/2024,17.16,10080,UK,Electronics
INV1882,ELE292,Bluetooth Speaker,4,11/18/2024,198.51,10004,Canada,Electronics
INV1883,ELE896,Smartphone,5,11/18/2024,111.59,10028,USA,Electronics
INV1884,GRO397,Organic Honey,3,11/18/2024,33.16,10003,Canada,Groceries
INV1885,GRO793,Olive Oil,1,11/19/2024,36.03,10009,Australia,Groceries
INV1886,ELE927,Wireless Mouse,3,11/19/2024,79.02,10055,Germany,Electronics
INV1887,ELE311,Smartphone,5,11/20/2024,150.11,10016,UK,Electronics
INV1888,ELE642,Wireless Mouse,2,11/20/2024,66.55,10073,USA,Electronics
INV1889,ELE306,Wireless Mouse,3,11/20/2024,130.63,10016,Australia,Electronics
INV1890,CLO581,Jeans,3,11/21/2024,154.57,10083,USA,Clothing
INV1891,CLO809,T-Shirt,5,11/21/2024,42.66,10087,USA,Clothing
INV1892,GRO627,Green Tea,4,11/21/2024,93.61,10068,UK,Groceries
INV1893,CLO685,Jeans,3,11/22/2024,12.73,10033,Australia,Clothing
INV1894,GRO792,Organic Honey,4,11/22/2024,64.9,10005,Germany,Groceries
INV1895,ELE101,Smartphone,2,11/23/2024,46.91,10052,USA,Electronics
INV1896,CLO937,Jeans,1,11/23/2024,132.65,10065,Germany,Clothing
INV1897,ELE144,Smartphone,1,11/23/2024,17.56,10076,UK,Electronics
INV1898,CLO126,Jeans,2,11/24/2024,149.59,10042,Canada,Clothing
INV1899,CLO284,Men's Shirt,5,11/24/2024,36.83,10074,UK,Clothing
INV1900,CLO253,T-Shirt,3,11/24/2024,129.26,10022,Germany,Clothing
INV1901,ELE268,Wireless Mouse,1,11/25/2024,184.35,10054,Australia,Electronics
INV1902,ELE142,Bluetooth Speaker,1,11/25/2024,73.61,10079,Canada,Electronics
INV1903,ELE682,Bluetooth Speaker,2,11/25/2024,123.33,10094,Canada,Electronics
INV1904,CLO308,Jeans,1,11/26/2024,47.37,10074,UK,Clothing
INV1905,GRO155,Organic Honey,1,11/26/2024,109.96,10015,Australia,Groceries
INV1906,CLO597,Men's Shirt,2,11/27/2024,44.23,10007,Canada,Clothing
INV1907,ELE370,Headphones,1,11/27/2024,139.94,10003,UK,Electronics
INV1908,CLO173,Men's Shirt,1,11/27/2024,125.86,10003,Australia,Clothing
INV1909,CLO528,Women's Summer Dress,1,11/28/2024,27.05,10055,Germany,Clothing
INV1910,CLO451,Pleated Skirt,1,11/28/2024,56.65,10024,USA,Clothing
INV1911,CLO216,Women's Summer Dress,2,11/28/2024,193.51,10066,UK,Clothing
INV1912,GRO760,Green Tea,2,11/29/2024,178.05,10095,UK,Groceries
INV1913,CLO373,Women's Summer Dress,2,11/29/2024,41.58,10066,Germany,Clothing
INV1914,CLO628,Pleated Skirt,1,11/29/2024,179.14,10026,Germany,Clothing
INV1915,GRO437,Organic Honey,3,11/30/2024,150.21,10092,Australia,Groceries
INV1916,CLO178,T-Shirt,3,11/30/2024,98.36,10031,Germany,Clothing
INV1917,GRO957,Pasta,4,12-01-2024,102.6,10049,UK,Groceries
INV1918,ELE532,Laptop Charger,2,12-01-2024,167.58,10060,Australia,Electronics
INV1919,ELE909,Wireless Mouse,3,12-01-2024,118.1,10050,USA,Electronics
INV1920,CLO974,Men's Shirt,1,12-02-2024,171.21,10018,Australia,Clothing
INV1921,CLO507,Jeans,5,12-02-2024,151.52,10020,USA,Clothing
INV1922,CLO365,Women's Summer Dress,2,12-02-2024,120.85,10004,Canada,Clothing
INV1923,ELE435,Laptop Charger,1,12-03-2024,51.63,10081,UK,Electronics
INV1924,ELE637,Wireless Mouse,1,12-03-2024,101.69,10091,Australia,Electronics
INV1925,CLO558,Pleated Skirt,2,12-03-2024,91.15,10041,USA,Clothing
INV1926,ELE880,Laptop Charger,2,12-04-2024,136.68,10060,Germany,Electronics
INV1927,ELE556,Bluetooth Speaker,5,12-04-2024,136.03,10021,Canada,Electronics
INV1928,ELE375,Laptop Charger,3,12-05-2024,188.36,10020,Canada,Electronics
INV1929,ELE177,Laptop Charger,3,12-05-2024,74.91,10069,Germany,Electronics
INV1930,ELE291,Headphones,4,12-05-2024,32.68,10000,Canada,Electronics
INV1931,GRO150,Green Tea,3,12-06-2024,74.6,10004,Australia,Groceries
INV1932,CLO456,Men's Shirt,3,12-06-2024,139.27,10011,Australia,Clothing
INV1933,ELE634,Headphones,5,12-06-2024,111.72,10089,Australia,Electronics
INV1934,CLO253,Women's Summer Dress,5,12-07-2024,152.12,10045,USA,Clothing
INV1935,GRO571,Coffee Beans,5,12-07-2024,92.73,10033,UK,Groceries
INV1936,ELE218,Laptop Charger,2,12-07-2024,20.04,10048,UK,Electronics
INV1937,CLO834,Women's Summer Dress,3,12-08-2024,101.63,10077,Canada,Clothing
INV1938,ELE965,Headphones,2,12-08-2024,145.24,10089,USA,Electronics
INV1939,ELE118,Headphones,2,12-09-2024,33.07,10044,UK,Electronics
INV1940,ELE406,Headphones,3,12-09-2024,128.44,10026,Canada,Electronics
INV1941,CLO619,Pleated Skirt,2,12-09-2024,73.54,10072,Germany,Clothing
INV1942,ELE311,Headphones,4,12-10-2024,26.14,10025,Canada,Electronics
INV1943,CLO953,Pleated Skirt,5,12-10-2024,36,10046,Canada,Clothing
INV1944,GRO228,Olive Oil,2,12-10-2024,150.06,10085,Germany,Groceries
INV1945,ELE941,Laptop Charger,2,12-11-2024,19.44,10055,Australia,Electronics
INV1946,ELE365,Smartphone,5,12-11-2024,108.42,10093,Germany,Electronics
INV1947,CLO542,Women's Summer Dress,2,12-12-2024,24.23,10062,USA,Clothing
INV1948,ELE685,Smartphone,1,12-12-2024,156.06,10047,UK,Electronics
INV1949,ELE942,Wireless Mouse,2,12-12-2024,86.44,10060,Germany,Electronics
INV1950,GRO312,Olive Oil,2,12/13/2024,59.86,10080,USA,Groceries
INV1951,CLO695,Pleated Skirt,3,12/13/2024,173.55,10025,Germany,Clothing
INV1952,ELE721,Bluetooth Speaker,5,12/13/2024,178.11,10035,Germany,Electronics
INV1953,ELE276,Laptop Charger,3,12/14/2024,175.03,10000,UK,Electronics
INV1954,CLO907,T-Shirt,1,12/14/2024,64.19,10007,Australia,Clothing
INV1955,ELE961,Headphones,3,12/14/2024,48.28,10098,Australia,Electronics
INV1956,ELE239,Wireless Mouse,2,12/15/2024,20.68,10051,UK,Electronics
INV1957,CLO509,T-Shirt,5,12/15/2024,70.3,10078,Australia,Clothing
INV1958,ELE797,Smartphone,2,12/16/2024,152.84,10046,UK,Electronics
INV1959,GRO767,Organic Honey,2,12/16/2024,81.63,10055,Canada,Groceries
INV1960,ELE381,Headphones,2,12/16/2024,119.38,10085,Canada,Electronics
INV1961,CLO496,T-Shirt,5,12/17/2024,46.47,10013,Canada,Clothing
INV1962,CLO792,Women's Summer Dress,2,12/17/2024,170.54,10089,Canada,Clothing
INV1963,GRO952,Organic Honey,1,12/17/2024,49.72,10027,Canada,Groceries
INV1964,ELE520,Headphones,5,12/18/2024,95.55,10086,Germany,Electronics
INV1965,CLO318,Women's Summer Dress,5,12/18/2024,34.77,10077,Germany,Clothing
INV1966,GRO715,Organic Honey,5,12/18/2024,70.4,10087,Canada,Groceries
INV1967,ELE355,Headphones,1,12/19/2024,26.47,10001,Canada,Electronics
INV1968,CLO793,Jeans,4,12/19/2024,167.62,10025,Germany,Clothing
INV1969,ELE944,Bluetooth Speaker,2,12/20/2024,102.74,10013,UK,Electronics
INV1970,ELE141,Smartphone,4,12/20/2024,129.42,10058,USA,Electronics
INV1971,CLO685,Men's Shirt,3,12/20/2024,161.62,10055,Germany,Clothing
INV1972,CLO281,Men's Shirt,3,12/21/2024,48.66,10006,Canada,Clothing
INV1973,GRO947,Coffee Beans,4,12/21/2024,195.56,10002,Canada,Groceries
INV1974,ELE200,Laptop Charger,3,12/21/2024,131.67,10022,Germany,Electronics
INV1975,ELE609,Smartphone,1,12/22/2024,71.98,10017,USA,Electronics
INV1976,ELE960,Laptop Charger,1,12/22/2024,35.34,10037,UK,Electronics
INV1977,GRO781,Organic Honey,4,12/22/2024,53.77,10098,UK,Groceries
INV1978,ELE266,Wireless Mouse,2,12/23/2024,32.47,10014,Australia,Electronics
INV1979,GRO785,Pasta,2,12/23/2024,138.07,10063,UK,Groceries
INV1980,CLO532,Jeans,3,12/24/2024,88.04,10088,UK,Clothing
INV1981,CLO910,Men's Shirt,2,12/24/2024,172.8,10027,USA,Clothing
INV1982,ELE466,Wireless Mouse,5,12/24/2024,174.23,10073,Canada,Electronics
INV1983,ELE519,Laptop Charger,3,12/25/2024,142.46,10038,UK,Electronics
INV1984,CLO602,Pleated Skirt,4,12/25/2024,23.06,10056,Germany,Clothing
INV1985,GRO514,Organic Honey,2,12/25/2024,167.03,10016,Germany,Groceries
INV1986,GRO627,Organic Honey,5,12/26/2024,86.32,10085,USA,Groceries
INV1987,ELE432,Headphones,3,12/26/2024,67.93,10089,UK,Electronics
INV1988,ELE967,Laptop Charger,4,12/26/2024,158.21,10043,Germany,Electronics
INV1989,GRO527,Olive Oil,5,12/27/2024,73.22,10024,UK,Groceries
INV1990,ELE154,Headphones,2,12/27/2024,96.78,10016,USA,Electronics
INV1991,CLO989,T-Shirt,2,12/28/2024,58.4,10012,Australia,Clothing
INV1992,GRO491,Green Tea,1,12/28/2024,146.89,10083,Germany,Groceries
INV1993,ELE148,Headphones,1,12/28/2024,18.94,10024,UK,Electronics
INV1994,CLO544,Jeans,3,12/29/2024,15.15,10067,Canada,Clothing
INV1995,ELE752,Wireless Mouse,1,12/29/2024,118,10009,Australia,Electronics
INV1996,CLO477,Jeans,4,12/29/2024,83.95,10066,USA,Clothing
INV1997,CLO318,Pleated Skirt,5,12/30/2024,189.62,10017,Canada,Clothing
INV1998,ELE255,Wireless Mouse,5,12/30/2024,37.13,10099,UK,Electronics
INV1999,GRO704,Olive Oil,3,12/31/2024,86.94,10085,USA,Groceries
